gene_id,gene,,,
ENSDARG00000000001,slc35a5,,,
ENSDARG00000000151,thraa,,,
ENSDARG00000000183,ptpn4b,,,
ENSDARG00000000324,DCAF8,,,
ENSDARG00000000423,si:ch73-314g15.3,,,
ENSDARG00000000442,slc39a13,,,
ENSDARG00000000529,ofd1,,,
ENSDARG00000000551,slc1a4,,,
ENSDARG00000000568,ell,,,
ENSDARG00000000588,grasp,,,
ENSDARG00000000631,ptpn4a,,,
ENSDARG00000000730,slc6a13,,,
ENSDARG00000000747,lcmt2,,,
ENSDARG00000000760,znf511,,,
ENSDARG00000000796,nr4a1,,,
ENSDARG00000000837,snx9a,,,
ENSDARG00000000906,skap2,,,
ENSDARG00000000972,pcl,,,
ENSDARG00000001169,hsd17b8,,,
ENSDARG00000001452,adam8a,,,
ENSDARG00000001710,flot1a,,,
ENSDARG00000001733,gulp1a,,,
ENSDARG00000001734,fkbp8,,,
ENSDARG00000001767,slc29a2,,,
ENSDARG00000001788,atp5o,,,
ENSDARG00000001804,zgc:112148,,,
ENSDARG00000001880,stx3a,,,
ENSDARG00000001898,manea,,,
ENSDARG00000001930,klhl15,,,
ENSDARG00000002002,LMCD1,,,
ENSDARG00000002013,grb10a,,,
ENSDARG00000002077,mnat1,,,
ENSDARG00000002127,stam,,,
ENSDARG00000002131,celf2,,,
ENSDARG00000002174,itfg2,,,
ENSDARG00000002184,igbp1,,,
ENSDARG00000002197,pygl,,,
ENSDARG00000002210,stk25a,,,
ENSDARG00000002249,tbxas1,,,
ENSDARG00000002264,mrpl41,,,
ENSDARG00000002298,ankrd22,,,
ENSDARG00000002304,gins2,,,
ENSDARG00000002330,lhx8a,,,
ENSDARG00000002339,ccdc101,,,
ENSDARG00000002347,cyp11a1,,,
ENSDARG00000002365,cers5,,,
ENSDARG00000002396,cry-dash,,,
ENSDARG00000002546,rap2ip,,,
ENSDARG00000002597,pabpc1l,,,
ENSDARG00000002642,sh3gl1b,,,
ENSDARG00000002656,stxbp5a,,,
ENSDARG00000002670,tbpl2,,,
ENSDARG00000002682,tbcela,,,
ENSDARG00000002702,surf4,,,
ENSDARG00000002745,tdh,,,
ENSDARG00000002758,DEDD2,,,
ENSDARG00000002790,ap2m1a,,,
ENSDARG00000002798,cog8,,,
ENSDARG00000002826,cep57l1,,,
ENSDARG00000002830,trmt2a,,,
ENSDARG00000002880,CCDC132 (1 of 2),,,
ENSDARG00000002912,adipor1a,,,
ENSDARG00000002967,pdap1b,,,
ENSDARG00000002991,cep135,,,
ENSDARG00000002994,itpkca,,,
ENSDARG00000003027,scnm1,,,
ENSDARG00000003069,btbd7,,,
ENSDARG00000003084,spire2,,,
ENSDARG00000003175,stx5al,,,
ENSDARG00000003206,chchd6a,,,
ENSDARG00000003229,gdf9,,,
ENSDARG00000003244,gbp3,,,
ENSDARG00000003250,pik3cd,,,
ENSDARG00000003251,zbtb22b,,,
ENSDARG00000003263,pop4,,,
ENSDARG00000003270,dhps,,,
ENSDARG00000003283,zfand2a,,,
ENSDARG00000003311,pank2,,,
ENSDARG00000003320,fam91a1,,,
ENSDARG00000003323,dcp1a,,,
ENSDARG00000003383,asb8,,,
ENSDARG00000003391,snx7,,,
ENSDARG00000003511,mrpl3,,,
ENSDARG00000003517,impa1,,,
ENSDARG00000003520,TBC1D14,,,
ENSDARG00000003570,hsp90b1,,,
ENSDARG00000003573,dctn5,,,
ENSDARG00000003582,CCDC34,,,
ENSDARG00000003584,pla2g7,,,
ENSDARG00000003631,clock3,,,
ENSDARG00000003699,atp7a,,,
ENSDARG00000003701,cldng,,,
ENSDARG00000003705,prnprs3,,,
ENSDARG00000003757,cnpy1,,,
ENSDARG00000003769,tada2b,,,
ENSDARG00000003872,ccdc102a,,,
ENSDARG00000003927,cldn12,,,
ENSDARG00000003933,pkma,,,
ENSDARG00000003938,rpa1,,,
ENSDARG00000003952,pfn2,,,
ENSDARG00000003963,traf4a,,,
ENSDARG00000003968,zgc:162969,,,
ENSDARG00000003977,zgc:153896,,,
ENSDARG00000004037,cog2,,,
ENSDARG00000004046,phf6,,,
ENSDARG00000004059,galk2,,,
ENSDARG00000004078,acsl4a,,,
ENSDARG00000004130,mvk,,,
ENSDARG00000004211,CCDC106 (1 of 2),,,
ENSDARG00000004270,atl3,,,
ENSDARG00000004274,zgc:112496,,,
ENSDARG00000004306,klhl18,,,
ENSDARG00000004311,ldlrap1a,,,
ENSDARG00000004325,casp9,,,
ENSDARG00000004392,hdr,,,
ENSDARG00000004451,tnfrsfa,,,
ENSDARG00000004470,prkcsh,,,
ENSDARG00000004527,pin4,,,
ENSDARG00000004541,-,,,
ENSDARG00000004574,gtf3c2,,,
ENSDARG00000004618,stx2a,,,
ENSDARG00000004632,egln1,,,
ENSDARG00000004665,hspa5,,,
ENSDARG00000004672,ptk2.1,,,
ENSDARG00000004692,nabp1a,,,
ENSDARG00000004696,eefsec,,,
ENSDARG00000004724,tcea3,,,
ENSDARG00000004727,cmss1,,,
ENSDARG00000004729,tfe3a,,,
ENSDARG00000004794,ccdc146,,,
ENSDARG00000004823,asz1,,,
ENSDARG00000004836,dnajc5ab,,,
ENSDARG00000004843,foxp1a,,,
ENSDARG00000004851,hinfp,,,
ENSDARG00000004896,lonp2,,,
ENSDARG00000004909,cat,,,
ENSDARG00000004979,elovl5,,,
ENSDARG00000005026,tshz1,,,
ENSDARG00000005034,ispd,,,
ENSDARG00000005049,rab20,,,
ENSDARG00000005078,eif4e3,,,
ENSDARG00000005095,glcea,,,
ENSDARG00000005098,zgc:86764,,,
ENSDARG00000005150,tbx20,,,
ENSDARG00000005186,sp4,,,
ENSDARG00000005218,wrnip1,,,
ENSDARG00000005230,ssr2,,,
ENSDARG00000005246,asb3,,,
ENSDARG00000005274,rad52,,,
ENSDARG00000005350,dip2ba,,,
ENSDARG00000005356,tyro3,,,
ENSDARG00000005372,camk4,,,
ENSDARG00000005382,prdm9,,,
ENSDARG00000005397,trim3b,,,
ENSDARG00000005419,il1b,,,
ENSDARG00000005423,pgam1a,,,
ENSDARG00000005446,ckap5,,,
ENSDARG00000005448,MTFMT,,,
ENSDARG00000005454,tacc3,,,
ENSDARG00000005456,katnb1,,,
ENSDARG00000005462,KIF4A,,,
ENSDARG00000005500,dgcr6,,,
ENSDARG00000005547,rint1,,,
ENSDARG00000005561,gfm2,,,
ENSDARG00000005619,nek2,,,
ENSDARG00000005625,tmem57a,,,
ENSDARG00000005628,evx1,,,
ENSDARG00000005673,f3b,,,
ENSDARG00000005679,TRIP10 (1 of 2),,,
ENSDARG00000005690,si:ch211-196h16.11,,,
ENSDARG00000005713,ethe1,,,
ENSDARG00000005789,enpp1,,,
ENSDARG00000005799,smim14,,,
ENSDARG00000005832,anapc2,,,
ENSDARG00000005840,got2b,,,
ENSDARG00000005924,serpina10a,,,
ENSDARG00000005927,tbc1d17,,,
ENSDARG00000005948,ankmy2a,,,
ENSDARG00000005972,ric8b,,,
ENSDARG00000005974,atad5b,,,
ENSDARG00000005993,prc1b,,,
ENSDARG00000006010,bmi1a,,,
ENSDARG00000006021,agtpbp1,,,
ENSDARG00000006025,tp53i11b,,,
ENSDARG00000006040,cyp20a1,,,
ENSDARG00000006112,myof,,,
ENSDARG00000006145,det1,,,
ENSDARG00000006169,lrrk2,,,
ENSDARG00000006196,sav1,,,
ENSDARG00000006272,mpp5a,,,
ENSDARG00000006279,rragd,,,
ENSDARG00000006290,ndufs5,,,
ENSDARG00000006331,mif4gdb,,,
ENSDARG00000006370,atp6v1h,,,
ENSDARG00000006396,nrcam,,,
ENSDARG00000006397,laptm4a,,,
ENSDARG00000006422,esyt3,,,
ENSDARG00000006434,polr1e,,,
ENSDARG00000006508,pip5k1bb,,,
ENSDARG00000006545,rgp1,,,
ENSDARG00000006580,cldnd,,,
ENSDARG00000006604,pvrl3l,,,
ENSDARG00000006640,eomesa,,,
ENSDARG00000006672,znf395,,,
ENSDARG00000006678,pth2r,,,
ENSDARG00000006686,zmynd19,,,
ENSDARG00000006693,tmprss4a,,,
ENSDARG00000006754,mllt3,,,
ENSDARG00000006773,elovl4a,,,
ENSDARG00000006786,copz2,,,
ENSDARG00000006791,arntl1a,,,
ENSDARG00000006797,nt5dc1,,,
ENSDARG00000006816,gtf2f2b,,,
ENSDARG00000006869,stx17,,,
ENSDARG00000006889,MPPED2 (1 of 2),,,
ENSDARG00000006899,far1,,,
ENSDARG00000006900,impdh2,,,
ENSDARG00000006915,arl8ba,,,
ENSDARG00000006926,btd,,,
ENSDARG00000006963,cse1l,,,
ENSDARG00000007025,ttc9c,,,
ENSDARG00000007108,zgc:91985,,,
ENSDARG00000007180,slc30a4,,,
ENSDARG00000007207,cnpy2,,,
ENSDARG00000007241,mycb,,,
ENSDARG00000007250,use1,,,
ENSDARG00000007278,ect2,,,
ENSDARG00000007302,sh3gl3b,,,
ENSDARG00000007359,UBL4B,,,
ENSDARG00000007362,sft2d1,,,
ENSDARG00000007409,ppifa,,,
ENSDARG00000007418,chmp4c,,,
ENSDARG00000007438,ube2i,,,
ENSDARG00000007443,fbxl18,,,
ENSDARG00000007449,slc25a39,,,
ENSDARG00000007477,fbxo8,,,
ENSDARG00000007494,st3gal2l,,,
ENSDARG00000007526,ndufs2,,,
ENSDARG00000007603,stxbp2,,,
ENSDARG00000007657,ccnh,,,
ENSDARG00000007691,cul1b,,,
ENSDARG00000007734,obfc1,,,
ENSDARG00000007737,zyg11,,,
ENSDARG00000007751,lmnl3,,,
ENSDARG00000007764,klhdc10,,,
ENSDARG00000007786,tmx2b,,,
ENSDARG00000007804,gas6,,,
ENSDARG00000007886,slc35b2,,,
ENSDARG00000007892,pdcd2,,,
ENSDARG00000007976,si:ch211-220f16.2,,,
ENSDARG00000008014,nudt17,,,
ENSDARG00000008155,sms,,,
ENSDARG00000008192,pank1a,,,
ENSDARG00000008200,ugp2b,,,
ENSDARG00000008237,sars,,,
ENSDARG00000008239,mocs3,,,
ENSDARG00000008310,ip6k2,,,
ENSDARG00000008366,mpp7,,,
ENSDARG00000008383,arpc1a,,,
ENSDARG00000008395,snupn,,,
ENSDARG00000008439,atxn10,,,
ENSDARG00000008454,cepb1b,,,
ENSDARG00000008541,chia.4,,,
ENSDARG00000008573,fam20b,,,
ENSDARG00000008592,mtmr8,,,
ENSDARG00000008639,kifap3a,,,
ENSDARG00000008735,atp6ap2,,,
ENSDARG00000008757,entpd6,,,
ENSDARG00000008805,orc3,,,
ENSDARG00000008807,bokb,,,
ENSDARG00000008840,hmbsa,,,
ENSDARG00000008859,mylipa,,,
ENSDARG00000008884,hprt1,,,
ENSDARG00000008904,smarca2,,,
ENSDARG00000008906,ZNF814 (7 of 7),,,
ENSDARG00000008979,golga1,,,
ENSDARG00000009023,ankrd28b,,,
ENSDARG00000009046,nphp1,,,
ENSDARG00000009142,ppp1r13bb,,,
ENSDARG00000009160,kmo,,,
ENSDARG00000009208,prkcda,,,
ENSDARG00000009217,tom1l2,,,
ENSDARG00000009250,etfb,,,
ENSDARG00000009253,C17H14orf166,,,
ENSDARG00000009266,uevld,,,
ENSDARG00000009299,dusp8a,,,
ENSDARG00000009350,apg3l,,,
ENSDARG00000009436,ubxn7,,,
ENSDARG00000009447,atp5g3b,,,
ENSDARG00000009472,med19b,,,
ENSDARG00000009488,gipc2,,,
ENSDARG00000009493,MAP3K13,,,
ENSDARG00000009494,xrcc1,,,
ENSDARG00000009557,wrap73,,,
ENSDARG00000009594,nr1d2b,,,
ENSDARG00000009689,daam1b,,,
ENSDARG00000009693,llgl1,,,
ENSDARG00000009745,fbxw2,,,
ENSDARG00000009748,dffb,,,
ENSDARG00000009764,srek1,,,
ENSDARG00000009771,ppme1,,,
ENSDARG00000009793,crsp7,,,
ENSDARG00000009796,klc1a,,,
ENSDARG00000009851,wdr41,,,
ENSDARG00000009868,dcaf11,,,
ENSDARG00000010010,trim13,,,
ENSDARG00000010025,lsr,,,
ENSDARG00000010047,neu3.2,,,
ENSDARG00000010070,adam9,,,
ENSDARG00000010169,myd88,,,
ENSDARG00000010191,ttc39c,,,
ENSDARG00000010207,smad3b,,,
ENSDARG00000010255,bin2b,,,
ENSDARG00000010290,stx12,,,
ENSDARG00000010332,zgc:56231,,,
ENSDARG00000010382,cratb,,,
ENSDARG00000010385,sept4a,,,
ENSDARG00000010400,lrrfip2,,,
ENSDARG00000010437,fam46c,,,
ENSDARG00000010572,slc25a25a,,,
ENSDARG00000010596,slc7a6os,,,
ENSDARG00000010601,mtmr10,,,
ENSDARG00000010655,ppm1k,,,
ENSDARG00000010717,chchd10,,,
ENSDARG00000010727,ttyh2l,,,
ENSDARG00000010789,homer3,,,
ENSDARG00000010862,amt,,,
ENSDARG00000010918,nprl3,,,
ENSDARG00000010936,abcb4,,,
ENSDARG00000010941,gtdc2,,,
ENSDARG00000010948,kif11,,,
ENSDARG00000010956,sh3glb1,,,
ENSDARG00000011049,slc17a9b,,,
ENSDARG00000011072,ddx11,,,
ENSDARG00000011157,arhgef18a,,,
ENSDARG00000011239,ppp1r14aa,,,
ENSDARG00000011262,traip,,,
ENSDARG00000011272,MNF1,,,
ENSDARG00000011301,nae1,,,
ENSDARG00000011360,nfatc2ip,,,
ENSDARG00000011370,fyna,,,
ENSDARG00000011373,mknk2a,,,
ENSDARG00000011418,sigmar1,,,
ENSDARG00000011445,ELMSAN1 (2 of 2),,,
ENSDARG00000011459,gsna,,,
ENSDARG00000011493,DCUN1D3,,,
ENSDARG00000011498,si:ch211-212o1.2,,,
ENSDARG00000011506,lpcat1,,,
ENSDARG00000011553,atp5f1,,,
ENSDARG00000011570,pou6f1,,,
ENSDARG00000011583,cry1b,,,
ENSDARG00000011605,dennd6b,,,
ENSDARG00000011703,clock,,,
ENSDARG00000011770,dhrs12,,,
ENSDARG00000011783,stag2a,,,
ENSDARG00000011801,wars2,,,
ENSDARG00000011809,mical1,,,
ENSDARG00000011825,cetn3,,,
ENSDARG00000011837,C13H9orf72,,,
ENSDARG00000011841,atp5l,,,
ENSDARG00000011885,mrpl19,,,
ENSDARG00000011890,cry4,,,
ENSDARG00000011931,dph5,,,
ENSDARG00000011945,slc35e1,,,
ENSDARG00000011948,insra,,,
ENSDARG00000011973,slc35d1a,,,
ENSDARG00000012005,mob2b,,,
ENSDARG00000012021,kdsr,,,
ENSDARG00000012051,mettl21a,,,
ENSDARG00000012072,atp5s,,,
ENSDARG00000012081,kif3b,,,
ENSDARG00000012135,fbxl2,,,
ENSDARG00000012144,emc7,,,
ENSDARG00000012177,rab4b,,,
ENSDARG00000012184,zgc:162872,,,
ENSDARG00000012194,scp2a,,,
ENSDARG00000012215,umps,,,
ENSDARG00000012219,dpf2,,,
ENSDARG00000012295,bcs1l,,,
ENSDARG00000012306,syt13,,,
ENSDARG00000012369,rdh10b,,,
ENSDARG00000012390,kcnk5b,,,
ENSDARG00000012453,rnls,,,
ENSDARG00000012460,rassf4,,,
ENSDARG00000012467,spint1b,,,
ENSDARG00000012468,aacs,,,
ENSDARG00000012563,pdss2,,,
ENSDARG00000012572,polr3f,,,
ENSDARG00000012625,PRKAG2 (1 of 2),,,
ENSDARG00000012718,wee2,,,
ENSDARG00000012745,poc1bl,,,
ENSDARG00000012816,C2H3orf58 (1 of 2),,,
ENSDARG00000012818,ck2a2a,,,
ENSDARG00000012840,alg9,,,
ENSDARG00000012860,tmprss4b,,,
ENSDARG00000012866,picalm,,,
ENSDARG00000012914,arhgef4,,,
ENSDARG00000012927,tcea2,,,
ENSDARG00000012929,eif2d,,,
ENSDARG00000012932,mat2b,,,
ENSDARG00000012942,itgb5,,,
ENSDARG00000012947,SKA2,,,
ENSDARG00000012986,adal,,,
ENSDARG00000012987,gpia,,,
ENSDARG00000012995,actr5,,,
ENSDARG00000013024,ERAP1 (2 of 2),,,
ENSDARG00000013025,ints6,,,
ENSDARG00000013058,ascc2,,,
ENSDARG00000013075,mrpl11,,,
ENSDARG00000013076,bmi1b,,,
ENSDARG00000013079,tubgcp2,,,
ENSDARG00000013082,uap1l1,,,
ENSDARG00000013087,ndrg3a,,,
ENSDARG00000013110,epb49,,,
ENSDARG00000013117,hiat1a,,,
ENSDARG00000013153,dennd3b,,,
ENSDARG00000013224,phc2b,,,
ENSDARG00000013236,dhcr24,,,
ENSDARG00000013269,SYTL4,,,
ENSDARG00000013279,ZNF76,,,
ENSDARG00000013302,gpx8,,,
ENSDARG00000013423,ccbl2,,,
ENSDARG00000013443,atp6v1ba,,,
ENSDARG00000013479,gga3,,,
ENSDARG00000013528,mcm9,,,
ENSDARG00000013561,pgm1,,,
ENSDARG00000013653,eltd1,,,
ENSDARG00000013657,sh3bp5b,,,
ENSDARG00000013670,hyou1,,,
ENSDARG00000013704,cers2a,,,
ENSDARG00000013719,GTSE1,,,
ENSDARG00000013776,THOP1,,,
ENSDARG00000013784,zgc:77158,,,
ENSDARG00000013795,hps4,,,
ENSDARG00000013828,snx13,,,
ENSDARG00000013830,osbpl2b,,,
ENSDARG00000013837,spo11,,,
ENSDARG00000013842,tbc1d19,,,
ENSDARG00000013843,sept5a,,,
ENSDARG00000013853,lmo4a,,,
ENSDARG00000013860,ptpmt1,,,
ENSDARG00000013881,pi4k2b,,,
ENSDARG00000013928,plekhb2,,,
ENSDARG00000013965,cul2,,,
ENSDARG00000013973,pex3,,,
ENSDARG00000013976,anxa13,,,
ENSDARG00000013979,ndfip1,,,
ENSDARG00000014003,stard8,,,
ENSDARG00000014015,zgc:77086,,,
ENSDARG00000014041,smarcad1,,,
ENSDARG00000014113,wasla,,,
ENSDARG00000014161,ercc4,,,
ENSDARG00000014179,pfkma,,,
ENSDARG00000014208,zgc:55413,,,
ENSDARG00000014209,ODF3L2 (1 of 2),,,
ENSDARG00000014218,mecp2,,,
ENSDARG00000014289,mettl10,,,
ENSDARG00000014311,athl1,,,
ENSDARG00000014324,sh2d5,,,
ENSDARG00000014340,rab11al,,,
ENSDARG00000014348,stk17b,,,
ENSDARG00000014361,tmbim4,,,
ENSDARG00000014385,chek1,,,
ENSDARG00000014386,GALNT6,,,
ENSDARG00000014403,lnpep,,,
ENSDARG00000014428,ppp2r5d,,,
ENSDARG00000014430,rabgef1,,,
ENSDARG00000014474,yipf1,,,
ENSDARG00000014499,nutf2l,,,
ENSDARG00000014532,aida,,,
ENSDARG00000014550,rfx3,,,
ENSDARG00000014592,DENND1A,,,
ENSDARG00000014599,slc5a6,,,
ENSDARG00000014655,itpr1a,,,
ENSDARG00000014709,grb2a,,,
ENSDARG00000014727,acox1,,,
ENSDARG00000014731,cacybp,,,
ENSDARG00000014761,mfsd6l,,,
ENSDARG00000014794,uqcrc2a,,,
ENSDARG00000014859,igfbp3,,,
ENSDARG00000014866,hprt1l,,,
ENSDARG00000014915,ndufab1b,,,
ENSDARG00000014956,diablob,,,
ENSDARG00000014962,ppp3cca,,,
ENSDARG00000014966,ccdc82,,,
ENSDARG00000014994,tbp,,,
ENSDARG00000014995,jagn1b,,,
ENSDARG00000015006,dnm1l,,,
ENSDARG00000015057,ube2d4,,,
ENSDARG00000015070,pola2,,,
ENSDARG00000015153,wdr91,,,
ENSDARG00000015167,abcd3a,,,
ENSDARG00000015176,ror1,,,
ENSDARG00000015228,ero1l,,,
ENSDARG00000015252,st3gal3b,,,
ENSDARG00000015290,-,,,
ENSDARG00000015312,klf12a,,,
ENSDARG00000015344,klhl8,,,
ENSDARG00000015349,mfge8a,,,
ENSDARG00000015374,st3gal3a,,,
ENSDARG00000015385,ndufs3,,,
ENSDARG00000015425,slc24a4a,,,
ENSDARG00000015471,chd1l,,,
ENSDARG00000015474,ppp2r5ea,,,
ENSDARG00000015482,ZNF473 (1 of 2),,,
ENSDARG00000015552,phactr4a,,,
ENSDARG00000015557,zgc:100829,,,
ENSDARG00000015564,dhcr7,,,
ENSDARG00000015566,dnmt3ab,,,
ENSDARG00000015575,cyp3c1,,,
ENSDARG00000015576,itprip,,,
ENSDARG00000015628,psmd10,,,
ENSDARG00000015657,zgc:77112,,,
ENSDARG00000015686,bmp6,,,
ENSDARG00000015747,aarsd1,,,
ENSDARG00000015770,fam175b,,,
ENSDARG00000015780,ankrd46b,,,
ENSDARG00000015807,rab22a,,,
ENSDARG00000015831,dnajb1a,,,
ENSDARG00000015849,zgc:56628,,,
ENSDARG00000015856,slc25a40,,,
ENSDARG00000015860,mtmr9,,,
ENSDARG00000015905,lztr1,,,
ENSDARG00000015911,mcm2,,,
ENSDARG00000015917,rnft1,,,
ENSDARG00000015937,kptn,,,
ENSDARG00000015968,rabgef1l,,,
ENSDARG00000015997,mfsd5,,,
ENSDARG00000015998,wdhd1,,,
ENSDARG00000016022,zic5,,,
ENSDARG00000016038,ptplad1,,,
ENSDARG00000016056,zgc:113060,,,
ENSDARG00000016074,cryz,,,
ENSDARG00000016084,spsb4a,,,
ENSDARG00000016117,exd2,,,
ENSDARG00000016139,mkks,,,
ENSDARG00000016143,xiap,,,
ENSDARG00000016163,usp33,,,
ENSDARG00000016177,eif4enif1,,,
ENSDARG00000016238,arl6ip5b,,,
ENSDARG00000016255,-,,,
ENSDARG00000016307,mrpl46,,,
ENSDARG00000016336,TMCO6,,,
ENSDARG00000016357,fmo5,,,
ENSDARG00000016375,asns,,,
ENSDARG00000016396,fam219a,,,
ENSDARG00000016399,riok1,,,
ENSDARG00000016454,esr2a,,,
ENSDARG00000016463,trappc6b,,,
ENSDARG00000016464,CDC42BPA (2 of 2),,,
ENSDARG00000016474,galcb,,,
ENSDARG00000016496,cdk8,,,
ENSDARG00000016519,ctdnep1a,,,
ENSDARG00000016528,C20H2orf44,,,
ENSDARG00000016531,KLHL4,,,
ENSDARG00000016532,suco,,,
ENSDARG00000016573,mroh1,,,
ENSDARG00000016594,haus4,,,
ENSDARG00000016611,scrn3,,,
ENSDARG00000016656,mgme1,,,
ENSDARG00000016676,gnao1a,,,
ENSDARG00000016706,atic,,,
ENSDARG00000016749,slco1c1,,,
ENSDARG00000016765,SCAMP3,,,
ENSDARG00000016769,sgta,,,
ENSDARG00000016789,zgc:152891,,,
ENSDARG00000016794,mtmr6,,,
ENSDARG00000016811,ints3,,,
ENSDARG00000016837,glipr2l,,,
ENSDARG00000016856,pon2,,,
ENSDARG00000016866,fam102ab,,,
ENSDARG00000016867,rnf128a,,,
ENSDARG00000016875,gys1,,,
ENSDARG00000016897,fbxo15,,,
ENSDARG00000016934,ttyh2,,,
ENSDARG00000016964,MCUR1,,,
ENSDARG00000016977,snx27b,,,
ENSDARG00000017004,myo10,,,
ENSDARG00000017010,scamp2l,,,
ENSDARG00000017037,ikbkg,,,
ENSDARG00000017049,adsl,,,
ENSDARG00000017093,emc8,,,
ENSDARG00000017119,vps37a,,,
ENSDARG00000017163,sinup,,,
ENSDARG00000017188,si:ch211-223m11.2,,,
ENSDARG00000017220,otud7b,,,
ENSDARG00000017230,fbxw11b,,,
ENSDARG00000017261,gdpd1,,,
ENSDARG00000017266,scml4,,,
ENSDARG00000017311,gpsm2,,,
ENSDARG00000017312,lmbrd2b,,,
ENSDARG00000017359,mettl8,,,
ENSDARG00000017385,b9d2,,,
ENSDARG00000017500,rock2a,,,
ENSDARG00000017562,banp,,,
ENSDARG00000017590,nit2,,,
ENSDARG00000017595,ccdc6b,,,
ENSDARG00000017605,rpp40,,,
ENSDARG00000017612,pnpo,,,
ENSDARG00000017665,snrkb,,,
ENSDARG00000017675,cirh1a,,,
ENSDARG00000017687,dnajc5gb,,,
ENSDARG00000017708,lrrc40,,,
ENSDARG00000017730,klhdc4,,,
ENSDARG00000017748,arhgap29b,,,
ENSDARG00000017757,pik3cg,,,
ENSDARG00000017812,traf2b,,,
ENSDARG00000017813,pigs,,,
ENSDARG00000017820,POLR3D (1 of 2),,,
ENSDARG00000017834,micall2b,,,
ENSDARG00000017835,brf1a,,,
ENSDARG00000017842,syvn1,,,
ENSDARG00000017864,txnrd1,,,
ENSDARG00000017910,pdss1,,,
ENSDARG00000017928,xrcc3,,,
ENSDARG00000017986,vps13d,,,
ENSDARG00000018000,ubp1,,,
ENSDARG00000018006,vrk1,,,
ENSDARG00000018048,zgc:171704,,,
ENSDARG00000018061,neil1,,,
ENSDARG00000018065,ntm,,,
ENSDARG00000018077,rbp1b,,,
ENSDARG00000018106,eif2b3,,,
ENSDARG00000018118,tk1,,,
ENSDARG00000018121,cenpj,,,
ENSDARG00000018145,mid1ip1l,,,
ENSDARG00000018159,ano10b,,,
ENSDARG00000018165,depdc1a,,,
ENSDARG00000018174,gnai2a,,,
ENSDARG00000018181,dnajc28,,,
ENSDARG00000018206,nck2a,,,
ENSDARG00000018281,C18H15orf26,,,
ENSDARG00000018285,pdpk1b,,,
ENSDARG00000018296,REV1,,,
ENSDARG00000018382,prkcha,,,
ENSDARG00000018397,hpca,,,
ENSDARG00000018423,sulf2,,,
ENSDARG00000018426,aldh7a1,,,
ENSDARG00000018432,m6pr,,,
ENSDARG00000018485,cyp2v1,,,
ENSDARG00000018491,pdia4,,,
ENSDARG00000018494,smn1,,,
ENSDARG00000018529,lipf,,,
ENSDARG00000018623,rad54l,,,
ENSDARG00000018627,arl5a,,,
ENSDARG00000018716,dgkh,,,
ENSDARG00000018738,zw10,,,
ENSDARG00000018788,st8sia2,,,
ENSDARG00000018810,ZCCHC4,,,
ENSDARG00000018856,dclk1a,,,
ENSDARG00000018882,jak2b,,,
ENSDARG00000018918,rad17,,,
ENSDARG00000018956,tmem39b,,,
ENSDARG00000018966,cyb5r1,,,
ENSDARG00000018976,sptlc2a,,,
ENSDARG00000019038,sgsm3,,,
ENSDARG00000019062,arpc5b,,,
ENSDARG00000019156,haus5,,,
ENSDARG00000019160,sh3bp5la,,,
ENSDARG00000019195,vps9d1,,,
ENSDARG00000019208,camsap1a,,,
ENSDARG00000019213,CTBP1,,,
ENSDARG00000019233,thop1,,,
ENSDARG00000019250,fancf,,,
ENSDARG00000019326,prpsap2,,,
ENSDARG00000019338,adprhl2,,,
ENSDARG00000019345,mark3,,,
ENSDARG00000019355,selrc1,,,
ENSDARG00000019360,sec23b,,,
ENSDARG00000019404,atp5d,,,
ENSDARG00000019405,cntn4,,,
ENSDARG00000019478,SLC10A7,,,
ENSDARG00000019503,zgc:103759,,,
ENSDARG00000019547,aaas,,,
ENSDARG00000019556,clcn7,,,
ENSDARG00000019581,uso1,,,
ENSDARG00000019644,ldhba,,,
ENSDARG00000019693,CLCN5 (1 of 2),,,
ENSDARG00000019702,aldocb,,,
ENSDARG00000019706,zar1,,,
ENSDARG00000019709,rhoua,,,
ENSDARG00000019715,metap1d,,,
ENSDARG00000019732,mtch2,,,
ENSDARG00000019746,rfng,,,
ENSDARG00000019763,acp5a,,,
ENSDARG00000019907,dscc1,,,
ENSDARG00000019924,cmpk,,,
ENSDARG00000020015,mrps33,,,
ENSDARG00000020024,fam151b,,,
ENSDARG00000020041,C12H16orf62,,,
ENSDARG00000020076,brdt,,,
ENSDARG00000020079,neil3,,,
ENSDARG00000020085,slc33a1,,,
ENSDARG00000020115,sars2,,,
ENSDARG00000020123,adck3,,,
ENSDARG00000020145,zgc:73340,,,
ENSDARG00000020187,GCA,,,
ENSDARG00000020191,ppef1,,,
ENSDARG00000020235,sept9a,,,
ENSDARG00000020236,PPFIBP1 (2 of 3),,,
ENSDARG00000020241,icmt,,,
ENSDARG00000020289,pif1,,,
ENSDARG00000020301,os9,,,
ENSDARG00000020354,lmx1a,,,
ENSDARG00000020395,mical2b,,,
ENSDARG00000020397,snx15,,,
ENSDARG00000020447,tmtc4,,,
ENSDARG00000020473,hddc3,,,
ENSDARG00000020544,rem1,,,
ENSDARG00000020618,C9H21orf33,,,
ENSDARG00000020621,ap1b1,,,
ENSDARG00000020679,clpp,,,
ENSDARG00000020742,naga,,,
ENSDARG00000020764,slmapb,,,
ENSDARG00000020798,necap1,,,
ENSDARG00000020847,atp6v0a1a,,,
ENSDARG00000020857,ccdc149b,,,
ENSDARG00000020871,ptprz1b,,,
ENSDARG00000020887,armc1l,,,
ENSDARG00000020895,bag1,,,
ENSDARG00000020898,cyb5r4,,,
ENSDARG00000020926,creb3l3l,,,
ENSDARG00000020948,gmcl1,,,
ENSDARG00000020953,dnajb6b,,,
ENSDARG00000020979,FAM65C,,,
ENSDARG00000020982,PRICKLE2 (2 of 2),,,
ENSDARG00000020986,ctu1,,,
ENSDARG00000021033,herpud2,,,
ENSDARG00000021046,rhbdd1,,,
ENSDARG00000021048,clptm1l,,,
ENSDARG00000021110,poc1b,,,
ENSDARG00000021147,nipal3,,,
ENSDARG00000021149,cbr1l,,,
ENSDARG00000021163,thrb,,,
ENSDARG00000021209,KCTD9 (2 of 2),,,
ENSDARG00000021220,hmgcl,,,
ENSDARG00000021233,pgls,,,
ENSDARG00000021239,apaf1,,,
ENSDARG00000021288,MIER3 (1 of 2),,,
ENSDARG00000021324,nsun4,,,
ENSDARG00000021372,tob1b,,,
ENSDARG00000021383,FOLH1,,,
ENSDARG00000021389,jag2,,,
ENSDARG00000021433,asmtl,,,
ENSDARG00000021466,ireb2,,,
ENSDARG00000021483,cdc14b,,,
ENSDARG00000021488,cyth1b,,,
ENSDARG00000021521,rgs14a,,,
ENSDARG00000021539,ephb2b,,,
ENSDARG00000021547,vrk2,,,
ENSDARG00000021556,ubl3b,,,
ENSDARG00000021564,VDAC3 (2 of 3),,,
ENSDARG00000021579,orc5,,,
ENSDARG00000021589,zgc:91811,,,
ENSDARG00000021794,hmmr,,,
ENSDARG00000021805,aes,,,
ENSDARG00000021806,zfp36l2,,,
ENSDARG00000021859,ERAP1 (1 of 2),,,
ENSDARG00000021895,disc1,,,
ENSDARG00000021896,asap3,,,
ENSDARG00000021974,sfr1,,,
ENSDARG00000022000,traf3,,,
ENSDARG00000022001,CNOT6 (2 of 2),,,
ENSDARG00000022007,SPEF1,,,
ENSDARG00000022176,IGLON5,,,
ENSDARG00000022254,prkcbb,,,
ENSDARG00000022315,atp6v1g1,,,
ENSDARG00000022340,ufc1,,,
ENSDARG00000022378,mtmr1b,,,
ENSDARG00000022399,ntmt1,,,
ENSDARG00000022424,slc26a5,,,
ENSDARG00000022438,cox6a1,,,
ENSDARG00000022456,eno1a,,,
ENSDARG00000022466,clcn5,,,
ENSDARG00000022493,rad21l1,,,
ENSDARG00000022599,dnpep,,,
ENSDARG00000022623,fbxo44,,,
ENSDARG00000022648,otud3,,,
ENSDARG00000022652,psmf1,,,
ENSDARG00000022659,snx4,,,
ENSDARG00000022690,chic2,,,
ENSDARG00000022813,dnd,,,
ENSDARG00000022845,lias,,,
ENSDARG00000022893,FP928982.1,,,
ENSDARG00000022934,arl4aa,,,
ENSDARG00000022944,ecd,,,
ENSDARG00000022974,wdr13,,,
ENSDARG00000023002,dtl,,,
ENSDARG00000023040,zbtb1,,,
ENSDARG00000023104,scaper,,,
ENSDARG00000023110,mapk7,,,
ENSDARG00000023152,wdr73,,,
ENSDARG00000023267,atad1a,,,
ENSDARG00000023290,fabp3,,,
ENSDARG00000023303,zgc:66427,,,
ENSDARG00000023396,atg5,,,
ENSDARG00000023479,si:ch211-12e13.2,,,
ENSDARG00000023498,gmppab,,,
ENSDARG00000023499,zgc:172007,,,
ENSDARG00000023546,kcnn1b,,,
ENSDARG00000023583,coq9,,,
ENSDARG00000023587,kcnk5a,,,
ENSDARG00000023600,sh3gl2,,,
ENSDARG00000023672,timm8a,,,
ENSDARG00000023766,gnsa,,,
ENSDARG00000023814,dyrk1ab,,,
ENSDARG00000023815,uvrag,,,
ENSDARG00000023822,zgc:73349,,,
ENSDARG00000023840,pfkfb2a,,,
ENSDARG00000023852,lsm4,,,
ENSDARG00000023900,casd1,,,
ENSDARG00000023927,dnajc24,,,
ENSDARG00000023950,znhit3,,,
ENSDARG00000023958,rnf181,,,
ENSDARG00000023967,atp6v1c1a,,,
ENSDARG00000023989,pef1,,,
ENSDARG00000024112,gmppaa,,,
ENSDARG00000024143,mgst3,,,
ENSDARG00000024184,narf,,,
ENSDARG00000024195,znf395b,,,
ENSDARG00000024219,CDK5RAP2,,,
ENSDARG00000024229,UBL7 (1 of 2),,,
ENSDARG00000024277,pigm,,,
ENSDARG00000024314,herpud1,,,
ENSDARG00000024324,arhgap1,,,
ENSDARG00000024398,get4,,,
ENSDARG00000024465,mrps18a,,,
ENSDARG00000024540,zgc:100919,,,
ENSDARG00000024564,sccpdhb,,,
ENSDARG00000024587,pacsin3,,,
ENSDARG00000024654,pgm3,,,
ENSDARG00000024693,lysmd3,,,
ENSDARG00000024694,myo1b,,,
ENSDARG00000024702,parn,,,
ENSDARG00000024775,si:ch211-129c21.1,,,
ENSDARG00000024815,ogfrl2,,,
ENSDARG00000024818,rilpl2,,,
ENSDARG00000024827,rnf150a,,,
ENSDARG00000024904,stil,,,
ENSDARG00000024967,fancg,,,
ENSDARG00000025012,tpi1a,,,
ENSDARG00000025032,nr3c1,,,
ENSDARG00000025043,trip13,,,
ENSDARG00000025076,marveld2a,,,
ENSDARG00000025091,ezrb,,,
ENSDARG00000025122,abhd4,,,
ENSDARG00000025174,HABP4,,,
ENSDARG00000025200,ppox,,,
ENSDARG00000025212,cpsf3l,,,
ENSDARG00000025269,pdcd6ip,,,
ENSDARG00000025275,gbgt1l1,,,
ENSDARG00000025319,fynb,,,
ENSDARG00000025338,hagh,,,
ENSDARG00000025346,znf277,,,
ENSDARG00000025350,prdx2,,,
ENSDARG00000025375,idh1,,,
ENSDARG00000025383,arl2bp,,,
ENSDARG00000025386,lsm14b,,,
ENSDARG00000025404,ube2g2,,,
ENSDARG00000025420,fzd5,,,
ENSDARG00000025468,bnip3la,,,
ENSDARG00000025518,F8A2,,,
ENSDARG00000025522,sgk1,,,
ENSDARG00000025555,ormdl3,,,
ENSDARG00000025559,PEX11G,,,
ENSDARG00000025576,mkln1,,,
ENSDARG00000025595,agmo,,,
ENSDARG00000025612,tor2a,,,
ENSDARG00000025635,atp5h,,,
ENSDARG00000025693,tmem9b,,,
ENSDARG00000025699,mbd1,,,
ENSDARG00000025718,cxxc1,,,
ENSDARG00000025754,ube2f,,,
ENSDARG00000025766,DTX3,,,
ENSDARG00000025784,rab42b,,,
ENSDARG00000025788,chp2,,,
ENSDARG00000025797,abhd2a,,,
ENSDARG00000025808,taf5l,,,
ENSDARG00000025820,chek2,,,
ENSDARG00000025846,fam102aa,,,
ENSDARG00000025859,lmf2b,,,
ENSDARG00000025949,irak1,,,
ENSDARG00000025974,MAGI3 (2 of 2),,,
ENSDARG00000026011,marveld3,,,
ENSDARG00000026048,tsc1a,,,
ENSDARG00000026068,trappc5,,,
ENSDARG00000026070,cd82b,,,
ENSDARG00000026109,slc48a1b,,,
ENSDARG00000026137,sfxn5b,,,
ENSDARG00000026149,slc46a1,,,
ENSDARG00000026170,hps1,,,
ENSDARG00000026224,fanci,,,
ENSDARG00000026338,styxl1,,,
ENSDARG00000026387,TMEM55B (2 of 2),,,
ENSDARG00000026400,rad51d,,,
ENSDARG00000026448,med29,,,
ENSDARG00000026482,arhgap12b,,,
ENSDARG00000026484,rab15,,,
ENSDARG00000026582,ISCU (2 of 2),,,
ENSDARG00000026595,pafah1b1b,,,
ENSDARG00000026611,socs3b,,,
ENSDARG00000026616,zgc:113425,,,
ENSDARG00000026630,-,,,
ENSDARG00000026654,gosr1,,,
ENSDARG00000026680,slc25a14,,,
ENSDARG00000026682,zgc:101583,,,
ENSDARG00000026701,gtf2h1,,,
ENSDARG00000026712,rab5c,,,
ENSDARG00000026757,rnf168,,,
ENSDARG00000026762,fam126a,,,
ENSDARG00000026799,suv39h1a,,,
ENSDARG00000026804,mcu,,,
ENSDARG00000026834,cdr2l,,,
ENSDARG00000026835,slc25a32b,,,
ENSDARG00000026862,aktip,,,
ENSDARG00000026871,uchl1,,,
ENSDARG00000026875,fam57ba,,,
ENSDARG00000026892,gpatch11,,,
ENSDARG00000026941,fbxl4,,,
ENSDARG00000026964,hk2,,,
ENSDARG00000027046,scyl3,,,
ENSDARG00000027070,acbd4,,,
ENSDARG00000027200,gabarapl2,,,
ENSDARG00000027234,ift88,,,
ENSDARG00000027418,trappc4,,,
ENSDARG00000027428,rpp30,,,
ENSDARG00000027461,C3H16orf13,,,
ENSDARG00000027495,elovl4b,,,
ENSDARG00000027501,usp20,,,
ENSDARG00000027512,asic1b,,,
ENSDARG00000027552,mapk1,,,
ENSDARG00000027599,fam221a,,,
ENSDARG00000027600,pdlim5b,,,
ENSDARG00000027639,zgc:165539,,,
ENSDARG00000027687,TMEM230,,,
ENSDARG00000027797,adcy6b,,,
ENSDARG00000027803,sbds,,,
ENSDARG00000027813,nus1,,,
ENSDARG00000027966,ap1s3b,,,
ENSDARG00000028058,traf6,,,
ENSDARG00000028082,mapkapk5,,,
ENSDARG00000028088,galk1,,,
ENSDARG00000028106,glrx,,,
ENSDARG00000028131,hccsa,,,
ENSDARG00000028164,si:ch211-161h7.6,,,
ENSDARG00000028201,commd8,,,
ENSDARG00000028228,zbtb18,,,
ENSDARG00000028252,ube2d2,,,
ENSDARG00000028259,aldh3a2a,,,
ENSDARG00000028336,dhdhl,,,
ENSDARG00000028379,trub2,,,
ENSDARG00000028386,htatip2,,,
ENSDARG00000028391,VPS37B (2 of 2),,,
ENSDARG00000028442,rsg1,,,
ENSDARG00000028448,edem2,,,
ENSDARG00000028543,fbxw11a,,,
ENSDARG00000028559,march5l,,,
ENSDARG00000028581,jkamp,,,
ENSDARG00000028614,mospd1,,,
ENSDARG00000028699,crkl,,,
ENSDARG00000028715,fam188a,,,
ENSDARG00000028784,si:dkey-24p1.6,,,
ENSDARG00000028848,lsm12a,,,
ENSDARG00000028850,btr16,,,
ENSDARG00000028889,ndufb10,,,
ENSDARG00000028896,ppap2c,,,
ENSDARG00000028937,taf1b,,,
ENSDARG00000028949,ZBTB26,,,
ENSDARG00000028976,pus3,,,
ENSDARG00000029003,eif1axa,,,
ENSDARG00000029036,rab32a,,,
ENSDARG00000029071,creld2,,,
ENSDARG00000029100,chchd1,,,
ENSDARG00000029133,tubgcp3,,,
ENSDARG00000029172,polr1a,,,
ENSDARG00000029218,slc25a12,,,
ENSDARG00000029331,atxn7l3,,,
ENSDARG00000029419,hn1b,,,
ENSDARG00000029432,tph1a,,,
ENSDARG00000029439,atp2a2a,,,
ENSDARG00000029479,zgc:86609,,,
ENSDARG00000029511,KCNS3 (2 of 2),,,
ENSDARG00000029569,snapc1a,,,
ENSDARG00000029621,sgms1,,,
ENSDARG00000029660,commd5,,,
ENSDARG00000029695,pgp,,,
ENSDARG00000029729,clybl,,,
ENSDARG00000029751,wbp1lb,,,
ENSDARG00000029795,fam213b,,,
ENSDARG00000029848,FBXO15 (2 of 2),,,
ENSDARG00000029925,dlg1l,,,
ENSDARG00000029944,parpbp,,,
ENSDARG00000029975,C14H4orf29,,,
ENSDARG00000030004,ERO1LB,,,
ENSDARG00000030020,agfg1a,,,
ENSDARG00000030053,eef1db,,,
ENSDARG00000030064,plekha1,,,
ENSDARG00000030092,tram2,,,
ENSDARG00000030107,syne2a,,,
ENSDARG00000030108,sec22ba,,,
ENSDARG00000030133,fkbp6,,,
ENSDARG00000030139,sdhdb,,,
ENSDARG00000030156,naglu,,,
ENSDARG00000030250,dennd2db,,,
ENSDARG00000030251,klhl36,,,
ENSDARG00000030267,gtf3aa,,,
ENSDARG00000030278,idh3a,,,
ENSDARG00000030292,galnt18a,,,
ENSDARG00000030357,zgc:66313,,,
ENSDARG00000030441,ppa1b,,,
ENSDARG00000030448,sppl2,,,
ENSDARG00000030465,C18H12orf23,,,
ENSDARG00000030478,zgc:66484,,,
ENSDARG00000030512,tsnaxip1,,,
ENSDARG00000030548,afmid,,,
ENSDARG00000030563,zgc:77880,,,
ENSDARG00000030591,lrrc42,,,
ENSDARG00000030608,rhogd,,,
ENSDARG00000030630,mfsd2aa,,,
ENSDARG00000030636,tex30,,,
ENSDARG00000030641,LETMD1,,,
ENSDARG00000030644,gnai3,,,
ENSDARG00000030694,atp6v1e1b,,,
ENSDARG00000030756,dnmt1,,,
ENSDARG00000030759,melk,,,
ENSDARG00000030786,mpi,,,
ENSDARG00000030803,C10H21orf91,,,
ENSDARG00000030824,esyt2a,,,
ENSDARG00000030839,tescb,,,
ENSDARG00000030844,klf11a,,,
ENSDARG00000030881,baxb,,,
ENSDARG00000030976,vipas39,,,
ENSDARG00000031044,lipg,,,
ENSDARG00000031047,ptrh1,,,
ENSDARG00000031048,gspt1,,,
ENSDARG00000031098,timm50,,,
ENSDARG00000031102,C5H9orf41,,,
ENSDARG00000031200,ppp2r5cb,,,
ENSDARG00000031202,alg11,,,
ENSDARG00000031214,arcn1b,,,
ENSDARG00000031293,dnajc9,,,
ENSDARG00000031317,ppdpfb,,,
ENSDARG00000031434,rcor1,,,
ENSDARG00000031533,ap5m1,,,
ENSDARG00000031562,tada2a,,,
ENSDARG00000031657,fahd1,,,
ENSDARG00000031680,ercc1,,,
ENSDARG00000031681,atp6v0b,,,
ENSDARG00000031775,UBE2S,,,
ENSDARG00000031814,dhrs13b,,,
ENSDARG00000031817,trim2a,,,
ENSDARG00000031819,eif4ebp2,,,
ENSDARG00000031845,mboat2a,,,
ENSDARG00000031873,hsd17b4,,,
ENSDARG00000031886,ift140,,,
ENSDARG00000031890,tcp11l1,,,
ENSDARG00000031915,hif1an,,,
ENSDARG00000031956,tmem63a,,,
ENSDARG00000031968,cpped1,,,
ENSDARG00000031971,kdelc1,,,
ENSDARG00000031985,ppp2r4,,,
ENSDARG00000032013,pafah1b1a,,,
ENSDARG00000032037,bet1l,,,
ENSDARG00000032072,cdk16,,,
ENSDARG00000032102,prdx3,,,
ENSDARG00000032116,cnot7,,,
ENSDARG00000032156,zgc:171776,,,
ENSDARG00000032237,anapc4,,,
ENSDARG00000032238,dnm3,,,
ENSDARG00000032261,rngtt,,,
ENSDARG00000032340,serhl,,,
ENSDARG00000032552,4-Mar,,,
ENSDARG00000032614,msi2b,,,
ENSDARG00000032640,PDXK (2 of 3),,,
ENSDARG00000032795,tmem8a,,,
ENSDARG00000032808,tdrd7,,,
ENSDARG00000032862,ugt5g1,,,
ENSDARG00000032876,trit1,,,
ENSDARG00000032932,cnksr1,,,
ENSDARG00000032951,nrbp2,,,
ENSDARG00000033012,si:ch211-245b3.1,,,
ENSDARG00000033121,rangrf,,,
ENSDARG00000033138,lyrm2,,,
ENSDARG00000033171,trappc6bl,,,
ENSDARG00000033179,tmem243b,,,
ENSDARG00000033251,osbpl3a,,,
ENSDARG00000033273,CCDC111,,,
ENSDARG00000033285,gsto2,,,
ENSDARG00000033320,sar1ab,,,
ENSDARG00000033413,si:dkey-183c16.7,,,
ENSDARG00000033426,-,,,
ENSDARG00000033428,twsg1a,,,
ENSDARG00000033436,mboat7,,,
ENSDARG00000033437,rps6ka1,,,
ENSDARG00000033451,fam173b,,,
ENSDARG00000033533,CCDC115,,,
ENSDARG00000033566,cyp17a1,,,
ENSDARG00000033604,lrpap1,,,
ENSDARG00000033707,phf17,,,
ENSDARG00000033713,ripk2,,,
ENSDARG00000033768,trappc13,,,
ENSDARG00000033771,hspbap1,,,
ENSDARG00000033804,snx27a,,,
ENSDARG00000033811,zfand6,,,
ENSDARG00000033861,sepsecs,,,
ENSDARG00000033872,csnk1g1,,,
ENSDARG00000033889,spty2d1,,,
ENSDARG00000033899,ap2m1b,,,
ENSDARG00000033957,trmt44,,,
ENSDARG00000033973,mrps23,,,
ENSDARG00000034060,elac2,,,
ENSDARG00000034093,dclk2,,,
ENSDARG00000034117,rarga,,,
ENSDARG00000034174,mrrf,,,
ENSDARG00000034210,si:dkey-240h12.4,,,
ENSDARG00000034358,jmjd6,,,
ENSDARG00000034369,bcmo1a,,,
ENSDARG00000034409,pik3r3b,,,
ENSDARG00000034443,mpped2,,,
ENSDARG00000034453,-,,,
ENSDARG00000034518,trdmt1,,,
ENSDARG00000034534,atp6v1aa,,,
ENSDARG00000034541,tgfbr2,,,
ENSDARG00000034568,fitm2,,,
ENSDARG00000034633,emc9,,,
ENSDARG00000034685,tmem198b,,,
ENSDARG00000034693,mysm1,,,
ENSDARG00000034771,rab13,,,
ENSDARG00000034823,copg2,,,
ENSDARG00000034826,park7,,,
ENSDARG00000034883,acbd5a,,,
ENSDARG00000034885,bet1,,,
ENSDARG00000034956,mycl1b,,,
ENSDARG00000034957,hddc2,,,
ENSDARG00000034989,retsatl,,,
ENSDARG00000035018,thy1,,,
ENSDARG00000035028,lpcat4,,,
ENSDARG00000035074,rtel1,,,
ENSDARG00000035080,hsf2bp,,,
ENSDARG00000035084,rab18b,,,
ENSDARG00000035122,camsap1b,,,
ENSDARG00000035131,surf4l,,,
ENSDARG00000035149,pex12,,,
ENSDARG00000035167,mrpl48,,,
ENSDARG00000035171,btg4,,,
ENSDARG00000035181,slc25a46,,,
ENSDARG00000035184,TMEM150A (2 of 2),,,
ENSDARG00000035326,nccrp1,,,
ENSDARG00000035332,C10H21orf59,,,
ENSDARG00000035333,mis18a,,,
ENSDARG00000035360,mink1,,,
ENSDARG00000035389,FCHO2,,,
ENSDARG00000035391,ptcd2,,,
ENSDARG00000035406,ttc33,,,
ENSDARG00000035433,arpc5lb,,,
ENSDARG00000035434,zmat5,,,
ENSDARG00000035452,camkk1,,,
ENSDARG00000035471,MEGF9 (2 of 2),,,
ENSDARG00000035507,ddx31,,,
ENSDARG00000035515,TM2D2,,,
ENSDARG00000035532,zgc:110329,,,
ENSDARG00000035546,jmjd7,,,
ENSDARG00000035551,iqcd,,,
ENSDARG00000035564,dgcr8,,,
ENSDARG00000035565,atp6v0a2b,,,
ENSDARG00000035570,C5H9orf85,,,
ENSDARG00000035571,fam108b1,,,
ENSDARG00000035577,cds2,,,
ENSDARG00000035579,si:dkey-174n20.1,,,
ENSDARG00000035595,ficd,,,
ENSDARG00000035605,tchp,,,
ENSDARG00000035607,ankle2,,,
ENSDARG00000035650,evla,,,
ENSDARG00000035660,si:ch211-193k19.1,,,
ENSDARG00000035680,zgc:113424,,,
ENSDARG00000035732,arntl1b,,,
ENSDARG00000035771,MEPCE (2 of 2),,,
ENSDARG00000035781,ctdnep1b,,,
ENSDARG00000035808,CLCN4,,,
ENSDARG00000035819,sirt3,,,
ENSDARG00000035853,CDKN2AIP,,,
ENSDARG00000035868,spire1a,,,
ENSDARG00000035870,laptm4b,,,
ENSDARG00000035872,hsd17b12b,,,
ENSDARG00000035880,atp6v1c1b,,,
ENSDARG00000035905,slc25a44b,,,
ENSDARG00000035924,dync1li2,,,
ENSDARG00000035957,gmnn,,,
ENSDARG00000035978,ube3c,,,
ENSDARG00000035985,FAM210A (1 of 2),,,
ENSDARG00000035987,psmg2,,,
ENSDARG00000035997,zfpm2b,,,
ENSDARG00000036005,pitpnb,,,
ENSDARG00000036057,tradd,,,
ENSDARG00000036064,cnep1r1,,,
ENSDARG00000036070,znrd1,,,
ENSDARG00000036073,cebpg,,,
ENSDARG00000036076,heatr3,,,
ENSDARG00000036090,pard6gb,,,
ENSDARG00000036092,acn9,,,
ENSDARG00000036109,mtx1b,,,
ENSDARG00000036144,TSSC4,,,
ENSDARG00000036147,ano5b,,,
ENSDARG00000036155,gla,,,
ENSDARG00000036158,nudcd1,,,
ENSDARG00000036180,ccnb2,,,
ENSDARG00000036214,dazl,,,
ENSDARG00000036247,tmem144b,,,
ENSDARG00000036251,smarcc1b,,,
ENSDARG00000036257,rasal2,,,
ENSDARG00000036291,nucb2b,,,
ENSDARG00000036338,vps11,,,
ENSDARG00000036345,ftsjd1,,,
ENSDARG00000036386,rbm4.1,,,
ENSDARG00000036387,dync1li1,,,
ENSDARG00000036415,glb1,,,
ENSDARG00000036426,CDA,,,
ENSDARG00000036445,zgc:113025,,,
ENSDARG00000036456,anxa4,,,
ENSDARG00000036481,tcn2l,,,
ENSDARG00000036496,scp2b,,,
ENSDARG00000036500,fam122b,,,
ENSDARG00000036541,rhbdf1,,,
ENSDARG00000036571,sema3e,,,
ENSDARG00000036592,setd4,,,
ENSDARG00000036645,rcbtb1,,,
ENSDARG00000036715,psmd4a,,,
ENSDARG00000036755,prmt10,,,
ENSDARG00000036764,hax1,,,
ENSDARG00000036775,dtd2,,,
ENSDARG00000036778,hbs1l,,,
ENSDARG00000036781,HAUS2,,,
ENSDARG00000036785,CATSPER1,,,
ENSDARG00000036811,ifrd2,,,
ENSDARG00000036868,tbpl1,,,
ENSDARG00000036888,C25HXorf38 (2 of 2),,,
ENSDARG00000036966,hsd3b7,,,
ENSDARG00000036993,erbb3b,,,
ENSDARG00000036994,tbc1d16,,,
ENSDARG00000037002,zgc:152968,,,
ENSDARG00000037008,bscl2,,,
ENSDARG00000037040,cgrrf1,,,
ENSDARG00000037046,rad51b,,,
ENSDARG00000037057,gcdh,,,
ENSDARG00000037059,slc44a2,,,
ENSDARG00000037073,si:dkey-60a16.1,,,
ENSDARG00000037091,asah1a,,,
ENSDARG00000037099,IRS2,,,
ENSDARG00000037101,mtmr7a,,,
ENSDARG00000037142,C14H4orf47,,,
ENSDARG00000037176,ggh,,,
ENSDARG00000037199,C9H2orf76,,,
ENSDARG00000037276,map9,,,
ENSDARG00000037307,gnpda1,,,
ENSDARG00000037318,ddost,,,
ENSDARG00000037324,klhl17,,,
ENSDARG00000037356,pam16,,,
ENSDARG00000037371,dcun1d1,,,
ENSDARG00000037378,qdprb1,,,
ENSDARG00000037405,zgc:112083,,,
ENSDARG00000037406,WDR19,,,
ENSDARG00000037409,tmem144a,,,
ENSDARG00000037433,fmr1,,,
ENSDARG00000037455,UGT8,,,
ENSDARG00000037491,bmp15,,,
ENSDARG00000037517,slc35c2,,,
ENSDARG00000037528,MARVELD3,,,
ENSDARG00000037532,mcm3l,,,
ENSDARG00000037537,fam58a,,,
ENSDARG00000037545,mtnr1aa,,,
ENSDARG00000037551,pm20d1.1,,,
ENSDARG00000037556,st3gal5,,,
ENSDARG00000037640,aurkb,,,
ENSDARG00000037647,rnf175,,,
ENSDARG00000037773,rybpa,,,
ENSDARG00000037783,proza,,,
ENSDARG00000037810,zgc:112175,,,
ENSDARG00000037852,zgc:101663,,,
ENSDARG00000037857,tmem184a,,,
ENSDARG00000037865,cln3,,,
ENSDARG00000037892,psmc3ip,,,
ENSDARG00000037900,nde1,,,
ENSDARG00000037906,alkbh7,,,
ENSDARG00000037909,C3H19orf52,,,
ENSDARG00000037935,aldh16a1,,,
ENSDARG00000037943,zgc:112484,,,
ENSDARG00000037955,pih1d1,,,
ENSDARG00000037961,rcn3,,,
ENSDARG00000038043,zgc:66014,,,
ENSDARG00000038066,kpna2,,,
ENSDARG00000038069,mgat3,,,
ENSDARG00000038094,clec16a,,,
ENSDARG00000038106,slc37a4a,,,
ENSDARG00000038133,zgc:113411,,,
ENSDARG00000038186,RDM1,,,
ENSDARG00000038190,ndel1b,,,
ENSDARG00000038196,zgc:112146,,,
ENSDARG00000038215,spop,,,
ENSDARG00000038222,tyw3,,,
ENSDARG00000038271,zgc:113293,,,
ENSDARG00000038300,rnf34a,,,
ENSDARG00000038308,ykt6,,,
ENSDARG00000038309,dnajc15,,,
ENSDARG00000038348,pigh,,,
ENSDARG00000038360,thg1l,,,
ENSDARG00000038401,tefb,,,
ENSDARG00000038456,MRPS35,,,
ENSDARG00000038472,MTMR4,,,
ENSDARG00000038473,ube2d3,,,
ENSDARG00000038476,si:dkeyp-68b7.7,,,
ENSDARG00000038500,cep41,,,
ENSDARG00000038543,wdr48,,,
ENSDARG00000038561,klf6b,,,
ENSDARG00000038566,gnptg,,,
ENSDARG00000038577,cox6c,,,
ENSDARG00000038585,eif4e2,,,
ENSDARG00000038608,sdhc,,,
ENSDARG00000038612,pih1d3,,,
ENSDARG00000038615,TMEM55B (1 of 2),,,
ENSDARG00000038618,cpt2,,,
ENSDARG00000038686,FAM35A,,,
ENSDARG00000038687,nfkb2,,,
ENSDARG00000038720,si:ch211-14a17.7,,,
ENSDARG00000038737,phf20b,,,
ENSDARG00000038768,mrpl12,,,
ENSDARG00000038780,ubtfl,,,
ENSDARG00000038787,tmub1,,,
ENSDARG00000038789,tmem53,,,
ENSDARG00000038801,klhl20,,,
ENSDARG00000038812,e2f5,,,
ENSDARG00000038826,jph1b,,,
ENSDARG00000038847,gins3,,,
ENSDARG00000038859,rgs20,,,
ENSDARG00000038863,bre,,,
ENSDARG00000038869,htr5a,,,
ENSDARG00000038876,-,,,
ENSDARG00000038898,zgc:113691,,,
ENSDARG00000038900,acadm,,,
ENSDARG00000038905,hectd3,,,
ENSDARG00000038910,pccb,,,
ENSDARG00000038950,BOLA3,,,
ENSDARG00000038964,traf4b,,,
ENSDARG00000038991,nsfb,,,
ENSDARG00000039005,trappc1,,,
ENSDARG00000039008,zgc:85858,,,
ENSDARG00000039022,stk25b,,,
ENSDARG00000039062,morn4,,,
ENSDARG00000039069,slx4ip,,,
ENSDARG00000039082,zgc:123010,,,
ENSDARG00000039125,map4k5,,,
ENSDARG00000039130,cdkn3,,,
ENSDARG00000039182,cacna2d2,,,
ENSDARG00000039203,MFF (2 of 2),,,
ENSDARG00000039208,nasp,,,
ENSDARG00000039217,orc1,,,
ENSDARG00000039265,arhgap4a,,,
ENSDARG00000039279,golga5,,,
ENSDARG00000039299,rdh14a,,,
ENSDARG00000039354,ska1,,,
ENSDARG00000039363,dnajb12a,,,
ENSDARG00000039411,cep68,,,
ENSDARG00000039435,rgs17,,,
ENSDARG00000039436,il13ra2,,,
ENSDARG00000039490,pitpnaa,,,
ENSDARG00000039513,C18H19orf54,,,
ENSDARG00000039521,ssx2ip,,,
ENSDARG00000039576,fstl1b,,,
ENSDARG00000039613,poll,,,
ENSDARG00000039650,itm2cb,,,
ENSDARG00000039681,samm50l,,,
ENSDARG00000039684,sirt5,,,
ENSDARG00000039699,fam204a,,,
ENSDARG00000039704,cdc42ep4a,,,
ENSDARG00000039719,mrps26,,,
ENSDARG00000039757,mcfd2,,,
ENSDARG00000039827,bbs5,,,
ENSDARG00000039828,zp3b,,,
ENSDARG00000039850,dusp22b,,,
ENSDARG00000039872,lamtor2,,,
ENSDARG00000039882,ap3s2,,,
ENSDARG00000039892,gnpnat1,,,
ENSDARG00000039937,ccdc172,,,
ENSDARG00000039945,sirt6,,,
ENSDARG00000039957,rspo1,,,
ENSDARG00000039974,rai14,,,
ENSDARG00000039979,tecrl2,,,
ENSDARG00000039996,xkr8.3,,,
ENSDARG00000039997,ptp4a3,,,
ENSDARG00000040022,si:dkey-208k4.2,,,
ENSDARG00000040033,trmt11,,,
ENSDARG00000040039,pttg1ipb,,,
ENSDARG00000040048,GALNTL6,,,
ENSDARG00000040070,coil,,,
ENSDARG00000040081,zgc:66432,,,
ENSDARG00000040085,ccsapb,,,
ENSDARG00000040099,tbcd,,,
ENSDARG00000040113,tamm41,,,
ENSDARG00000040123,zfpm2a,,,
ENSDARG00000040128,hint1,,,
ENSDARG00000040149,atg10,,,
ENSDARG00000040152,nek4,,,
ENSDARG00000040161,zgc:92287,,,
ENSDARG00000040186,fam210a,,,
ENSDARG00000040192,nenf,,,
ENSDARG00000040224,krcp,,,
ENSDARG00000040237,mef2d,,,
ENSDARG00000040248,crata,,,
ENSDARG00000040249,tlr18,,,
ENSDARG00000040266,sox19b,,,
ENSDARG00000040277,fbxo32,,,
ENSDARG00000040280,FAM84B (2 of 2),,,
ENSDARG00000040300,gtpbp10,,,
ENSDARG00000040303,nbn,,,
ENSDARG00000040338,hvcn1,,,
ENSDARG00000040450,pemt,,,
ENSDARG00000040453,wdfy2,,,
ENSDARG00000040455,unc50,,,
ENSDARG00000040510,ca15b,,,
ENSDARG00000040513,zgc:92313,,,
ENSDARG00000040523,smpd2,,,
ENSDARG00000040527,siae,,,
ENSDARG00000040532,rab27a,,,
ENSDARG00000040559,rad1,,,
ENSDARG00000040614,sestd1,,,
ENSDARG00000040635,rnf11b,,,
ENSDARG00000040674,ctdsp1,,,
ENSDARG00000040705,glsb,,,
ENSDARG00000040707,CHCHD4 (2 of 2),,,
ENSDARG00000040717,macc1,,,
ENSDARG00000040727,tfb1m,,,
ENSDARG00000040732,elavl2,,,
ENSDARG00000040803,lactb,,,
ENSDARG00000040838,rp42-pen,,,
ENSDARG00000040851,plekhh2,,,
ENSDARG00000040856,ldha,,,
ENSDARG00000040861,tcf25,,,
ENSDARG00000040890,fdps,,,
ENSDARG00000040910,ildr1b,,,
ENSDARG00000040912,kdelr3,,,
ENSDARG00000040959,rabl3,,,
ENSDARG00000040990,usp37,,,
ENSDARG00000041022,pdcd4b,,,
ENSDARG00000041040,piga,,,
ENSDARG00000041068,got2a,,,
ENSDARG00000041110,dnajc3,,,
ENSDARG00000041125,gpr19,,,
ENSDARG00000041140,ddb2,,,
ENSDARG00000041145,paqr5a,,,
ENSDARG00000041190,SH3D21,,,
ENSDARG00000041199,alg12,,,
ENSDARG00000041204,hdac4,,,
ENSDARG00000041223,fam173a,,,
ENSDARG00000041243,setdb1a,,,
ENSDARG00000041248,si:dkey-241l7.6,,,
ENSDARG00000041311,stx8,,,
ENSDARG00000041337,lypla1,,,
ENSDARG00000041350,ankrd39,,,
ENSDARG00000041362,chmp7,,,
ENSDARG00000041376,rmi1,,,
ENSDARG00000041397,eif2b2,,,
ENSDARG00000041407,rmdn3,,,
ENSDARG00000041428,YRDC,,,
ENSDARG00000041511,pex10,,,
ENSDARG00000041533,ccdc130,,,
ENSDARG00000041565,tnfaip1,,,
ENSDARG00000041581,znf143b,,,
ENSDARG00000041599,zgc:91860,,,
ENSDARG00000041600,wdr83,,,
ENSDARG00000041602,MMADHC (2 of 2),,,
ENSDARG00000041621,bbs2,,,
ENSDARG00000041623,mt2,,,
ENSDARG00000041627,sncb,,,
ENSDARG00000041665,mkrn1,,,
ENSDARG00000041689,usf1,,,
ENSDARG00000041703,rrbp1b,,,
ENSDARG00000041708,csrp2bp,,,
ENSDARG00000041723,TUBB4A (3 of 3),,,
ENSDARG00000041724,glipr2,,,
ENSDARG00000041727,zgc:175135,,,
ENSDARG00000041729,sntb1,,,
ENSDARG00000041734,C20H6orf170,,,
ENSDARG00000041736,hsdl1,,,
ENSDARG00000041802,rnf141,,,
ENSDARG00000041839,tsc22d2,,,
ENSDARG00000041878,rab11ba,,,
ENSDARG00000041896,dnajc5ga,,,
ENSDARG00000041951,selo,,,
ENSDARG00000041974,BRK1,,,
ENSDARG00000042031,gorab,,,
ENSDARG00000042054,POLR3D (2 of 2),,,
ENSDARG00000042063,si:ch211-145c1.1,,,
ENSDARG00000042071,pam,,,
ENSDARG00000042111,inpp5b,,,
ENSDARG00000042120,C20H1orf112,,,
ENSDARG00000042122,acot11b,,,
ENSDARG00000042129,zp3a.1,,,
ENSDARG00000042214,tmem243a,,,
ENSDARG00000042215,pias4b,,,
ENSDARG00000042247,ppiab,,,
ENSDARG00000042270,arsa,,,
ENSDARG00000042285,atp8b3,,,
ENSDARG00000042336,impdh1a,,,
ENSDARG00000042341,tmem251,,,
ENSDARG00000042382,ARF5 (1 of 3),,,
ENSDARG00000042410,rab40b,,,
ENSDARG00000042440,p2rx7,,,
ENSDARG00000042496,parp12a,,,
ENSDARG00000042507,polm,,,
ENSDARG00000042509,glod4,,,
ENSDARG00000042522,katnbl1,,,
ENSDARG00000042527,unga,,,
ENSDARG00000042533,gstm,,,
ENSDARG00000042551,mboat2b,,,
ENSDARG00000042553,pex7,,,
ENSDARG00000042557,rnf144ab,,,
ENSDARG00000042558,zgc:63691,,,
ENSDARG00000042571,rnaseh1,,,
ENSDARG00000042583,CU596012.1,,,
ENSDARG00000042615,icln,,,
ENSDARG00000042628,b3galt2,,,
ENSDARG00000042637,tert,,,
ENSDARG00000042644,sod2,,,
ENSDARG00000042646,-,,,
ENSDARG00000042658,acad8,,,
ENSDARG00000042688,bora,,,
ENSDARG00000042697,scarb1,,,
ENSDARG00000042703,parp6a,,,
ENSDARG00000042747,coasy,,,
ENSDARG00000042777,ndufa11,,,
ENSDARG00000042833,-,,,
ENSDARG00000042835,tfdp2,,,
ENSDARG00000042837,atp1b3b,,,
ENSDARG00000042854,ephx1,,,
ENSDARG00000042859,SLC5A6 (1 of 2),,,
ENSDARG00000042861,ltk,,,
ENSDARG00000042892,paip1,,,
ENSDARG00000042894,tyms,,,
ENSDARG00000042902,lace1b,,,
ENSDARG00000042927,mapre1a,,,
ENSDARG00000042929,tmem120b,,,
ENSDARG00000042933,bloc1s6,,,
ENSDARG00000042975,auh,,,
ENSDARG00000042990,cyp2p10,,,
ENSDARG00000042995,sptlc1,,,
ENSDARG00000043003,pcyt2,,,
ENSDARG00000043004,si:dkeyp-117h8.4,,,
ENSDARG00000043011,chst14,,,
ENSDARG00000043021,slc26a11,,,
ENSDARG00000043031,ints10,,,
ENSDARG00000043077,nisch,,,
ENSDARG00000043081,ctsz,,,
ENSDARG00000043094,gnas,,,
ENSDARG00000043105,qtrt1,,,
ENSDARG00000043170,nr1h3,,,
ENSDARG00000043177,lsm1,,,
ENSDARG00000043179,bag4,,,
ENSDARG00000043182,-,,,
ENSDARG00000043236,ccna1,,,
ENSDARG00000043250,ppm1ab,,,
ENSDARG00000043257,ckbb,,,
ENSDARG00000043276,calr,,,
ENSDARG00000043287,C10H12orf44,,,
ENSDARG00000043328,fip1l1a,,,
ENSDARG00000043336,exosc7,,,
ENSDARG00000043339,fam175a,,,
ENSDARG00000043360,DPH3,,,
ENSDARG00000043371,mdh2,,,
ENSDARG00000043402,MRPL55,,,
ENSDARG00000043417,tssc1,,,
ENSDARG00000043465,atp6v1b2,,,
ENSDARG00000043474,atp2b3a,,,
ENSDARG00000043480,rbbp8,,,
ENSDARG00000043497,scrn2,,,
ENSDARG00000043502,ccdc124,,,
ENSDARG00000043510,vamp4,,,
ENSDARG00000043527,ppapdc2,,,
ENSDARG00000043542,znf259,,,
ENSDARG00000043548,ATG4D,,,
ENSDARG00000043554,mrpl40,,,
ENSDARG00000043555,tmem30ab,,,
ENSDARG00000043562,zgc:65997,,,
ENSDARG00000043566,C9H3orf17,,,
ENSDARG00000043604,tmem205,,,
ENSDARG00000043635,cmc2,,,
ENSDARG00000043665,glrx5,,,
ENSDARG00000043684,bpnt1,,,
ENSDARG00000043687,SAYSD1,,,
ENSDARG00000043692,vstm2l,,,
ENSDARG00000043713,asf1bb,,,
ENSDARG00000043718,FBXO46,,,
ENSDARG00000043720,cdc45,,,
ENSDARG00000043732,cops4,,,
ENSDARG00000043734,trmu,,,
ENSDARG00000043740,efcab11,,,
ENSDARG00000043746,nrxn3a,,,
ENSDARG00000043806,postna,,,
ENSDARG00000043812,si:ch73-389k6.1,,,
ENSDARG00000043816,st6galnac1.2,,,
ENSDARG00000043821,klf7b,,,
ENSDARG00000043848,sod1,,,
ENSDARG00000043898,timm10b,,,
ENSDARG00000043905,rnf14,,,
ENSDARG00000043923,sox9b,,,
ENSDARG00000043928,GPN1,,,
ENSDARG00000043963,si:ch211-241j12.3,,,
ENSDARG00000043986,setd6,,,
ENSDARG00000044038,zbtb2a,,,
ENSDARG00000044039,stx11a,,,
ENSDARG00000044047,slc18b1,,,
ENSDARG00000044062,ctbp2,,,
ENSDARG00000044074,loxl2b,,,
ENSDARG00000044092,atpif1b,,,
ENSDARG00000044135,cenpp,,,
ENSDARG00000044146,lrrc8db,,,
ENSDARG00000044183,prkab1a,,,
ENSDARG00000044191,gxylt2,,,
ENSDARG00000044203,sumf1,,,
ENSDARG00000044216,fto,,,
ENSDARG00000044241,dram2b,,,
ENSDARG00000044265,cdc37l1,,,
ENSDARG00000044282,smc5,,,
ENSDARG00000044298,phax,,,
ENSDARG00000044325,zgc:193690,,,
ENSDARG00000044327,TMEM185B,,,
ENSDARG00000044362,unc119b,,,
ENSDARG00000044381,siah2l,,,
ENSDARG00000044404,pars2,,,
ENSDARG00000044417,disp1,,,
ENSDARG00000044513,tpst1l,,,
ENSDARG00000044514,st6gal1,,,
ENSDARG00000044525,pparda,,,
ENSDARG00000044540,fkbp2,,,
ENSDARG00000044551,atg9a,,,
ENSDARG00000044556,pacs1a,,,
ENSDARG00000044584,tex261,,,
ENSDARG00000044596,pgap2,,,
ENSDARG00000044627,alg8,,,
ENSDARG00000044628,hars2,,,
ENSDARG00000044634,tbce,,,
ENSDARG00000044638,map1lc3c,,,
ENSDARG00000044642,sc5dl,,,
ENSDARG00000044692,eri1,,,
ENSDARG00000044752,p2rx4a,,,
ENSDARG00000044753,idh3b,,,
ENSDARG00000044766,mitd1,,,
ENSDARG00000044769,kctd13,,,
ENSDARG00000044807,dck,,,
ENSDARG00000044809,fpgs,,,
ENSDARG00000044842,zgc:113348,,,
ENSDARG00000044844,zgc:66483,,,
ENSDARG00000044923,ube2w,,,
ENSDARG00000044949,rnf8,,,
ENSDARG00000044956,zgc:114123,,,
ENSDARG00000044963,pygo1,,,
ENSDARG00000045017,PDRG1,,,
ENSDARG00000045025,ift52,,,
ENSDARG00000045051,slc16a3,,,
ENSDARG00000045091,mrpl10,,,
ENSDARG00000045092,cdk5rap3,,,
ENSDARG00000045129,fkbp10b,,,
ENSDARG00000045130,klhl11,,,
ENSDARG00000045139,ca7,,,
ENSDARG00000045140,lcmt1,,,
ENSDARG00000045172,minpp1b,,,
ENSDARG00000045249,nif3l1,,,
ENSDARG00000045289,gpr137c,,,
ENSDARG00000045304,mtfr1,,,
ENSDARG00000045306,slc51a,,,
ENSDARG00000045316,map7d2b,,,
ENSDARG00000045342,si:ch211-140b10.6,,,
ENSDARG00000045351,ccdc58,,,
ENSDARG00000045355,tceb1a,,,
ENSDARG00000045360,flj11011l,,,
ENSDARG00000045364,trappc3,,,
ENSDARG00000045367,tuba1b,,,
ENSDARG00000045378,pi15a,,,
ENSDARG00000045398,mtrr,,,
ENSDARG00000045402,commd3,,,
ENSDARG00000045415,gnal,,,
ENSDARG00000045416,mppe1,,,
ENSDARG00000045417,fam49bb,,,
ENSDARG00000045422,fam105ba,,,
ENSDARG00000045424,zgc:173856,,,
ENSDARG00000045437,slc35b3,,,
ENSDARG00000045481,pion,,,
ENSDARG00000045482,stk38l,,,
ENSDARG00000045510,tbc1d22a,,,
ENSDARG00000045514,atp5c1,,,
ENSDARG00000045541,gcc1,,,
ENSDARG00000045543,atp6v1f,,,
ENSDARG00000045562,pus1,,,
ENSDARG00000045601,cax1,,,
ENSDARG00000045618,clta,,,
ENSDARG00000045620,nans,,,
ENSDARG00000045641,fbxl22,,,
ENSDARG00000045660,hic1l,,,
ENSDARG00000045683,CCDC87,,,
ENSDARG00000045747,cped1,,,
ENSDARG00000045753,tmtc2,,,
ENSDARG00000045754,mettl25,,,
ENSDARG00000045785,C25H12orf29,,,
ENSDARG00000045789,srgap2b,,,
ENSDARG00000045814,samm50,,,
ENSDARG00000045815,mcm10,,,
ENSDARG00000045842,zgc:113263,,,
ENSDARG00000045850,CCDC167,,,
ENSDARG00000045853,rad51ap1,,,
ENSDARG00000045878,nudt4b,,,
ENSDARG00000045880,gas2l3,,,
ENSDARG00000045888,acat1,,,
ENSDARG00000045930,rbpms2a,,,
ENSDARG00000045983,zbtb43,,,
ENSDARG00000046048,vapal,,,
ENSDARG00000046081,zgc:111974,,,
ENSDARG00000046085,CLDND1 (1 of 2),,,
ENSDARG00000046098,ebp,,,
ENSDARG00000046127,tk2,,,
ENSDARG00000046132,dynlt3,,,
ENSDARG00000046141,C8H12orf43,,,
ENSDARG00000046143,prkab1b,,,
ENSDARG00000046154,apooa,,,
ENSDARG00000051746,cecr1a,,,
ENSDARG00000051748,ccnd2a,,,
ENSDARG00000051793,zgc:113426,,,
ENSDARG00000051851,ctu2,,,
ENSDARG00000051853,galns,,,
ENSDARG00000051857,tes,,,
ENSDARG00000051874,stra6,,,
ENSDARG00000051889,dhodh,,,
ENSDARG00000051913,ddr2a,,,
ENSDARG00000051915,pde5ab,,,
ENSDARG00000051926,plag1,,,
ENSDARG00000051934,KXD1,,,
ENSDARG00000051935,dok1b,,,
ENSDARG00000051940,ugt2a4,,,
ENSDARG00000051955,brms1,,,
ENSDARG00000051956,isca1,,,
ENSDARG00000051957,selm,,,
ENSDARG00000051959,zgc:66449,,,
ENSDARG00000052022,suz12b,,,
ENSDARG00000052030,akr1a1b,,,
ENSDARG00000052086,zgc:174928,,,
ENSDARG00000052091,rbpjb,,,
ENSDARG00000052103,dtymk,,,
ENSDARG00000052113,hexa,,,
ENSDARG00000052124,accs,,,
ENSDARG00000052178,eif2s1b,,,
ENSDARG00000052232,pcdh15a,,,
ENSDARG00000052290,rab33ba,,,
ENSDARG00000052334,ociad1,,,
ENSDARG00000052343,spata18,,,
ENSDARG00000052370,elmod2,,,
ENSDARG00000052375,zgc:66455,,,
ENSDARG00000052388,pcgf5b,,,
ENSDARG00000052408,mgat2,,,
ENSDARG00000052419,ankrd12,,,
ENSDARG00000052423,ppp1r12c,,,
ENSDARG00000052427,CCDC64B,,,
ENSDARG00000052471,taf1a,,,
ENSDARG00000052518,stx4,,,
ENSDARG00000052520,sgms2,,,
ENSDARG00000052527,mul1b,,,
ENSDARG00000052606,dpp9,,,
ENSDARG00000052617,raver1,,,
ENSDARG00000052644,CA10,,,
ENSDARG00000052666,litaf,,,
ENSDARG00000052667,snn,,,
ENSDARG00000052680,si:dkey-182g1.2,,,
ENSDARG00000052694,micall2a,,,
ENSDARG00000052696,bdh2,,,
ENSDARG00000052717,fbxo43,,,
ENSDARG00000052721,zgc:110727,,,
ENSDARG00000052738,hmgcs1,,,
ENSDARG00000052746,grina,,,
ENSDARG00000052815,alad,,,
ENSDARG00000052819,tmem203,,,
ENSDARG00000052840,ndufs4,,,
ENSDARG00000052842,ppifb,,,
ENSDARG00000052875,tusc2a,,,
ENSDARG00000052923,zgc:113162,,,
ENSDARG00000053012,ubxn8,,,
ENSDARG00000053065,wrn,,,
ENSDARG00000053070,gosr2,,,
ENSDARG00000053082,thada,,,
ENSDARG00000053091,BDP1 (2 of 2),,,
ENSDARG00000053119,smpdl3a,,,
ENSDARG00000053166,chic1,,,
ENSDARG00000053192,zgc:112399,,,
ENSDARG00000053196,mtor,,,
ENSDARG00000053215,me1,,,
ENSDARG00000053217,cox7a2,,,
ENSDARG00000053257,zgc:153733,,,
ENSDARG00000053260,zgc:113090,,,
ENSDARG00000053269,slc2a15b,,,
ENSDARG00000053380,fam189a1,,,
ENSDARG00000053386,wdr27,,,
ENSDARG00000053405,sord,,,
ENSDARG00000053453,mpp2a,,,
ENSDARG00000053456,GK,,,
ENSDARG00000053466,TIMMDC1,,,
ENSDARG00000053467,gtpbp1,,,
ENSDARG00000053474,TDRKH,,,
ENSDARG00000053479,gdf6a,,,
ENSDARG00000053496,GEMIN8,,,
ENSDARG00000053500,cbsa,,,
ENSDARG00000053527,snx24,,,
ENSDARG00000053535,lmo7b,,,
ENSDARG00000053558,rtkn2,,,
ENSDARG00000053571,adob,,,
ENSDARG00000053574,fancd2,,,
ENSDARG00000053619,sra1,,,
ENSDARG00000053652,ndufaf6,,,
ENSDARG00000053685,GTF2A2,,,
ENSDARG00000053744,dcdc2b,,,
ENSDARG00000053792,si:rp71-1g18.1,,,
ENSDARG00000053804,osbpl2a,,,
ENSDARG00000053810,hnrnpc,,,
ENSDARG00000053876,klhl26,,,
ENSDARG00000053917,alg10,,,
ENSDARG00000053934,hdhd3,,,
ENSDARG00000053939,tgfa,,,
ENSDARG00000053959,cdc42ep2,,,
ENSDARG00000053995,GPANK1,,,
ENSDARG00000054023,ttll6,,,
ENSDARG00000054032,rab24,,,
ENSDARG00000054096,rbm41,,,
ENSDARG00000054160,zgc:113625,,,
ENSDARG00000054164,MRPS17,,,
ENSDARG00000054191,pgk1,,,
ENSDARG00000054199,mthfd2l,,,
ENSDARG00000054208,phkg2,,,
ENSDARG00000054211,st8sia7.1,,,
ENSDARG00000054250,crbn,,,
ENSDARG00000054251,pqlc3,,,
ENSDARG00000054264,cog4,,,
ENSDARG00000054301,kti12,,,
ENSDARG00000054312,slc38a6,,,
ENSDARG00000054313,si:ch211-14a17.6,,,
ENSDARG00000054374,alg13,,,
ENSDARG00000054433,yipf6,,,
ENSDARG00000054454,epha4a,,,
ENSDARG00000054473,tinf2,,,
ENSDARG00000054501,stambpa,,,
ENSDARG00000054574,znhit1,,,
ENSDARG00000054578,arl6ip1,,,
ENSDARG00000054583,mfsd6b,,,
ENSDARG00000054786,faah2b,,,
ENSDARG00000054789,lysmd1,,,
ENSDARG00000054793,emc10,,,
ENSDARG00000054799,rfc1,,,
ENSDARG00000054827,zgc:162724,,,
ENSDARG00000054829,pik3c3,,,
ENSDARG00000054833,nucb1,,,
ENSDARG00000054844,MAP7 (1 of 2),,,
ENSDARG00000054856,METTL12,,,
ENSDARG00000054897,PREB,,,
ENSDARG00000054934,zgc:101765,,,
ENSDARG00000054937,badb,,,
ENSDARG00000054963,alg1,,,
ENSDARG00000054978,kifc3,,,
ENSDARG00000055066,ZDHHC20 (1 of 2),,,
ENSDARG00000055075,svila,,,
ENSDARG00000055078,chac2,,,
ENSDARG00000055086,ggnbp2,,,
ENSDARG00000055092,por,,,
ENSDARG00000055115,dtnbp1a,,,
ENSDARG00000055129,PIM3,,,
ENSDARG00000055151,smyd2a,,,
ENSDARG00000055162,zhx2,,,
ENSDARG00000055163,epo,,,
ENSDARG00000055232,fancc,,,
ENSDARG00000055250,-,,,
ENSDARG00000055276,rel,,,
ENSDARG00000055283,id2a,,,
ENSDARG00000055295,cyb561d1,,,
ENSDARG00000055344,mipep,,,
ENSDARG00000055349,pknox2,,,
ENSDARG00000055415,zp2l1,,,
ENSDARG00000055426,rwdd2b,,,
ENSDARG00000055433,vps26bl,,,
ENSDARG00000055470,cdc16,,,
ENSDARG00000055472,nubp1,,,
ENSDARG00000055481,atf7b,,,
ENSDARG00000055524,rnf7,,,
ENSDARG00000055540,pfkfb4,,,
ENSDARG00000055561,c1galt1b,,,
ENSDARG00000055563,rnasen,,,
ENSDARG00000055565,cacnb2b,,,
ENSDARG00000055566,mastl,,,
ENSDARG00000055569,ghdc,,,
ENSDARG00000055585,c1galt1a,,,
ENSDARG00000055613,C16H1orf43 (2 of 2),,,
ENSDARG00000055620,acad9,,,
ENSDARG00000055622,zgc:153345,,,
ENSDARG00000055629,C24H3orf58 (2 of 2),,,
ENSDARG00000055653,nubp2,,,
ENSDARG00000055655,birc5b,,,
ENSDARG00000055676,C20H6orf211,,,
ENSDARG00000055708,timm8b,,,
ENSDARG00000055730,trim35-29,,,
ENSDARG00000055737,ube3a,,,
ENSDARG00000055743,ankrd54,,,
ENSDARG00000055784,ptpn3,,,
ENSDARG00000055833,si:dkey-216e24.3,,,
ENSDARG00000055838,mettl16,,,
ENSDARG00000055857,dopey2,,,
ENSDARG00000055875,pag1,,,
ENSDARG00000055899,lzic,,,
ENSDARG00000055917,nipa1,,,
ENSDARG00000055965,klc3,,,
ENSDARG00000055966,cflar,,,
ENSDARG00000055970,zgc:136971,,,
ENSDARG00000055974,TPMT (1 of 2),,,
ENSDARG00000055989,tmem161b,,,
ENSDARG00000055991,hmbsb,,,
ENSDARG00000056005,dnajc18,,,
ENSDARG00000056008,atp5g1,,,
ENSDARG00000056026,tprg1,,,
ENSDARG00000056075,rca2.1,,,
ENSDARG00000056080,si:dkey-191g9.5,,,
ENSDARG00000056089,NRBP1,,,
ENSDARG00000056091,cttnbp2nl,,,
ENSDARG00000056102,uxs1,,,
ENSDARG00000056112,pikfyve,,,
ENSDARG00000056121,serac1,,,
ENSDARG00000056128,fastkd1,,,
ENSDARG00000056162,nr2c2ap,,,
ENSDARG00000056163,zgc:73228,,,
ENSDARG00000056165,C19H6orf136,,,
ENSDARG00000056203,si:dkey-98p3.7,,,
ENSDARG00000056218,tnika,,,
ENSDARG00000056228,pld1a,,,
ENSDARG00000056245,zgc:162952,,,
ENSDARG00000056270,atpaf2,,,
ENSDARG00000056281,cybasc3a,,,
ENSDARG00000056294,SBK1,,,
ENSDARG00000056347,rab3aa,,,
ENSDARG00000056367,mpv17l2,,,
ENSDARG00000056369,ufsp2,,,
ENSDARG00000056376,ankrd37,,,
ENSDARG00000056381,zgc:85910,,,
ENSDARG00000056387,rnf17,,,
ENSDARG00000056396,dusp22a,,,
ENSDARG00000056462,crp2,,,
ENSDARG00000056479,rab1bb,,,
ENSDARG00000056509,pdik1l,,,
ENSDARG00000056515,spsb1,,,
ENSDARG00000056549,vps26a,,,
ENSDARG00000056550,tango2,,,
ENSDARG00000056559,ccz1,,,
ENSDARG00000056587,cyp2r1,,,
ENSDARG00000056601,plekha3,,,
ENSDARG00000056623,ptenb,,,
ENSDARG00000056628,tmem170a,,,
ENSDARG00000056638,pir,,,
ENSDARG00000056640,rpia,,,
ENSDARG00000056656,tspan18a,,,
ENSDARG00000056666,sp8b,,,
ENSDARG00000056672,abcb8,,,
ENSDARG00000056683,cdk5,,,
ENSDARG00000056695,phc2a,,,
ENSDARG00000056713,pskh1,,,
ENSDARG00000056717,vars2,,,
ENSDARG00000056797,ppp2r2c,,,
ENSDARG00000056840,otud5b,,,
ENSDARG00000056862,cep63,,,
ENSDARG00000056871,ap4m1,,,
ENSDARG00000056877,vamp2,,,
ENSDARG00000056960,tmem56a,,,
ENSDARG00000056985,tpte,,,
ENSDARG00000057006,C13H4orf32,,,
ENSDARG00000057053,SGMS1 (2 of 2),,,
ENSDARG00000057060,tvp23b,,,
ENSDARG00000057075,lamtor3,,,
ENSDARG00000057101,rnf180,,,
ENSDARG00000057138,zgc:174164,,,
ENSDARG00000057184,C2H7orf25,,,
ENSDARG00000057231,rorca,,,
ENSDARG00000057241,tnfsf10,,,
ENSDARG00000057249,zmynd11,,,
ENSDARG00000057255,emc1,,,
ENSDARG00000057272,slc30a9,,,
ENSDARG00000057303,galnt7,,,
ENSDARG00000057328,cth1,,,
ENSDARG00000057365,zgc:112263,,,
ENSDARG00000057374,sfxn3,,,
ENSDARG00000057394,RAB33A,,,
ENSDARG00000057426,OARD1,,,
ENSDARG00000057432,mxd3,,,
ENSDARG00000057435,c1qtnf3,,,
ENSDARG00000057438,rnf103,,,
ENSDARG00000057454,immt,,,
ENSDARG00000057468,kcnc2,,,
ENSDARG00000057494,ptcd3,,,
ENSDARG00000057513,mdm4,,,
ENSDARG00000057550,trim105,,,
ENSDARG00000057562,polr3c,,,
ENSDARG00000057624,cops5,,,
ENSDARG00000057626,josd2,,,
ENSDARG00000057644,adam8b,,,
ENSDARG00000057652,dbpb,,,
ENSDARG00000057660,dhx57,,,
ENSDARG00000057671,epas1b,,,
ENSDARG00000057672,ppapdc1b,,,
ENSDARG00000057708,PHTF1,,,
ENSDARG00000057716,acrc,,,
ENSDARG00000057723,nsdhl,,,
ENSDARG00000057738,hells,,,
ENSDARG00000057743,-,,,
ENSDARG00000057770,plp1a,,,
ENSDARG00000057772,6-Mar,,,
ENSDARG00000057805,mrpl28,,,
ENSDARG00000057841,ddah2,,,
ENSDARG00000057845,nitr9,,,
ENSDARG00000057855,mrps31,,,
ENSDARG00000057863,dnmt5,,,
ENSDARG00000057867,lasp1,,,
ENSDARG00000057882,arpc3,,,
ENSDARG00000057910,mrps34,,,
ENSDARG00000057913,syt11a,,,
ENSDARG00000057927,rps6ka3b,,,
ENSDARG00000057946,leprel4,,,
ENSDARG00000057973,dph1,,,
ENSDARG00000057987,uba3,,,
ENSDARG00000058015,ano3,,,
ENSDARG00000058020,fbxw9,,,
ENSDARG00000058028,rtn3,,,
ENSDARG00000058050,smyd3,,,
ENSDARG00000058068,tnfsf10l4,,,
ENSDARG00000058076,snf8,,,
ENSDARG00000058088,pdcd8,,,
ENSDARG00000058094,C19H1orf51 (1 of 2),,,
ENSDARG00000058102,sardh,,,
ENSDARG00000058114,impad1,,,
ENSDARG00000058154,ZNF385C,,,
ENSDARG00000058159,ipo8,,,
ENSDARG00000058162,pcyt1ba,,,
ENSDARG00000058180,exoc3l4,,,
ENSDARG00000058219,tubd1,,,
ENSDARG00000058225,arpc4l,,,
ENSDARG00000058229,acot11a,,,
ENSDARG00000058260,zgc:174160,,,
ENSDARG00000058263,zgc:113279,,,
ENSDARG00000058319,cep76,,,
ENSDARG00000058322,enc1l,,,
ENSDARG00000058345,si:dkey-5i3.5,,,
ENSDARG00000058346,sass6,,,
ENSDARG00000058352,acot9.1,,,
ENSDARG00000058356,elovl1b,,,
ENSDARG00000058372,mcph1,,,
ENSDARG00000058425,rab35,,,
ENSDARG00000058445,PDILT,,,
ENSDARG00000058461,kiaa0947l,,,
ENSDARG00000058494,dnaja3a,,,
ENSDARG00000058502,OLAH,,,
ENSDARG00000058522,shq1,,,
ENSDARG00000058561,fbxo30a,,,
ENSDARG00000058562,zgc:123008,,,
ENSDARG00000058563,ubox5,,,
ENSDARG00000058608,wsb2,,,
ENSDARG00000058622,zgc:113385,,,
ENSDARG00000058630,BDP1 (1 of 2),,,
ENSDARG00000058638,si:ch211-71m22.1,,,
ENSDARG00000058644,DNAJB2,,,
ENSDARG00000058679,ZMAT1,,,
ENSDARG00000058690,cgnb,,,
ENSDARG00000058692,fzd3b,,,
ENSDARG00000058801,rev3l,,,
ENSDARG00000058806,apoa1bp,,,
ENSDARG00000058820,bin1,,,
ENSDARG00000058842,ZNF609 (1 of 2),,,
ENSDARG00000058893,nhej1,,,
ENSDARG00000058939,b4galnt3b,,,
ENSDARG00000058953,abcc4,,,
ENSDARG00000058961,ntf7,,,
ENSDARG00000058963,btr18,,,
ENSDARG00000058968,haus1,,,
ENSDARG00000058978,BEND2,,,
ENSDARG00000058996,jam2a,,,
ENSDARG00000059006,otud5a,,,
ENSDARG00000059035,POR (1 of 2),,,
ENSDARG00000059046,psmd5,,,
ENSDARG00000059057,atpv0e2,,,
ENSDARG00000059131,spdya,,,
ENSDARG00000059209,abhd13,,,
ENSDARG00000059212,ciao1,,,
ENSDARG00000059226,ZBTB8A,,,
ENSDARG00000059234,mrps27,,,
ENSDARG00000059244,arfip2a,,,
ENSDARG00000059247,TMEM54 (1 of 2),,,
ENSDARG00000059298,spcs1,,,
ENSDARG00000059322,topbp1,,,
ENSDARG00000059386,dtwd1,,,
ENSDARG00000059412,zgc:111976,,,
ENSDARG00000059461,mepce,,,
ENSDARG00000059536,FAM78A (2 of 2),,,
ENSDARG00000059571,BX005437.1,,,
ENSDARG00000059572,NAGK,,,
ENSDARG00000059594,hs3st3b1a,,,
ENSDARG00000059604,-,,,
ENSDARG00000059642,mtmr14,,,
ENSDARG00000059657,mks1,,,
ENSDARG00000059672,ARHGAP36,,,
ENSDARG00000059685,wdr47b,,,
ENSDARG00000059707,ZNF423,,,
ENSDARG00000059722,ubac1,,,
ENSDARG00000059759,coq4,,,
ENSDARG00000059760,wdtc1,,,
ENSDARG00000059795,THEM6 (2 of 2),,,
ENSDARG00000059798,kcnq1,,,
ENSDARG00000059817,mtmr12,,,
ENSDARG00000059832,bai3,,,
ENSDARG00000059835,zfyve27,,,
ENSDARG00000059843,fam135a,,,
ENSDARG00000059856,alkbh2,,,
ENSDARG00000059870,clk2b,,,
ENSDARG00000059874,ABCC1,,,
ENSDARG00000059885,frmd3,,,
ENSDARG00000059887,eral1,,,
ENSDARG00000059919,C3H16orf58,,,
ENSDARG00000059951,pld6,,,
ENSDARG00000059972,raly,,,
ENSDARG00000059982,poc5,,,
ENSDARG00000059983,zufsp,,,
ENSDARG00000060001,METTL9,,,
ENSDARG00000060029,fam160b2,,,
ENSDARG00000060058,cylda,,,
ENSDARG00000060089,btaf1,,,
ENSDARG00000060092,zgc:165481,,,
ENSDARG00000060093,dapk1,,,
ENSDARG00000060102,kank1,,,
ENSDARG00000060112,sybu,,,
ENSDARG00000060126,acyp1,,,
ENSDARG00000060175,arhgap24,,,
ENSDARG00000060192,rpusd1,,,
ENSDARG00000060196,lhpp,,,
ENSDARG00000060197,atp2c1,,,
ENSDARG00000060199,MRPL18,,,
ENSDARG00000060210,d2hgdh,,,
ENSDARG00000060252,mogs,,,
ENSDARG00000060256,alkbh8,,,
ENSDARG00000060259,zgc:162160,,,
ENSDARG00000060298,nin,,,
ENSDARG00000060312,WDR62,,,
ENSDARG00000060316,cish,,,
ENSDARG00000060346,zgc:162592,,,
ENSDARG00000060350,APOD (2 of 3),,,
ENSDARG00000060362,nadkb,,,
ENSDARG00000060366,slc12a9,,,
ENSDARG00000060374,ttll11,,,
ENSDARG00000060380,coq6,,,
ENSDARG00000060411,ddx28,,,
ENSDARG00000060415,arhgef28,,,
ENSDARG00000060430,zfyve28,,,
ENSDARG00000060445,elp6,,,
ENSDARG00000060472,anapc15,,,
ENSDARG00000060477,vps8,,,
ENSDARG00000060522,rfk,,,
ENSDARG00000060581,UBAC2 (1 of 2),,,
ENSDARG00000060584,si:dkey-226m8.9,,,
ENSDARG00000060594,hadhab,,,
ENSDARG00000060596,prkaa1,,,
ENSDARG00000060620,lig4,,,
ENSDARG00000060716,prkx,,,
ENSDARG00000060729,trim8b,,,
ENSDARG00000060748,tsfm,,,
ENSDARG00000060751,taok3a,,,
ENSDARG00000060768,ankib1,,,
ENSDARG00000060771,map7d3,,,
ENSDARG00000060835,tecpr2,,,
ENSDARG00000060841,pik3c2a,,,
ENSDARG00000060849,dlgap4a,,,
ENSDARG00000060911,si:ch211-126i22.5,,,
ENSDARG00000060921,pla2g6,,,
ENSDARG00000060937,adnp2a,,,
ENSDARG00000060944,rnf217,,,
ENSDARG00000060954,TMCC1 (1 of 2),,,
ENSDARG00000060981,SIKE1,,,
ENSDARG00000060983,smyd4,,,
ENSDARG00000060991,smcr7a,,,
ENSDARG00000061039,atp10a,,,
ENSDARG00000061067,TMEM106C (2 of 2),,,
ENSDARG00000061081,arpp21,,,
ENSDARG00000061095,stk36,,,
ENSDARG00000061143,tapt1b,,,
ENSDARG00000061145,gfod2,,,
ENSDARG00000061180,vps45,,,
ENSDARG00000061185,nat15,,,
ENSDARG00000061186,ITGA4,,,
ENSDARG00000061195,cnnm2a,,,
ENSDARG00000061204,ddx20,,,
ENSDARG00000061211,spg20b,,,
ENSDARG00000061213,rabep2,,,
ENSDARG00000061214,lipin2,,,
ENSDARG00000061216,HEXDC,,,
ENSDARG00000061257,C3H17orf75,,,
ENSDARG00000061274,lss,,,
ENSDARG00000061311,znf438,,,
ENSDARG00000061314,NGRN,,,
ENSDARG00000061348,adat1,,,
ENSDARG00000061357,CHST6,,,
ENSDARG00000061373,znf142,,,
ENSDARG00000061375,sgpl1,,,
ENSDARG00000061380,HUS1B,,,
ENSDARG00000061385,haus3,,,
ENSDARG00000061409,bivm,,,
ENSDARG00000061450,tesk2,,,
ENSDARG00000061472,gba2,,,
ENSDARG00000061504,KDM4C,,,
ENSDARG00000061505,MRPS9,,,
ENSDARG00000061506,nsmfb,,,
ENSDARG00000061532,C25H15orf27,,,
ENSDARG00000061553,TMEM246,,,
ENSDARG00000061579,myo1c,,,
ENSDARG00000061610,UFSP1,,,
ENSDARG00000061621,THEM4,,,
ENSDARG00000061629,ndufaf5,,,
ENSDARG00000061634,zgc:158614,,,
ENSDARG00000061654,WWC3,,,
ENSDARG00000061656,ptpdc1,,,
ENSDARG00000061688,arvcfb,,,
ENSDARG00000061690,nxpe3,,,
ENSDARG00000061691,qpctla,,,
ENSDARG00000061713,tpd52,,,
ENSDARG00000061738,1-Mar,,,
ENSDARG00000061741,itpr3,,,
ENSDARG00000061752,fam65b,,,
ENSDARG00000061757,RABGAP1L,,,
ENSDARG00000061761,opa3,,,
ENSDARG00000061764,ahnak,,,
ENSDARG00000061770,abcd4,,,
ENSDARG00000061864,wu:fa07b03,,,
ENSDARG00000061908,mfsd12a,,,
ENSDARG00000061915,git2a,,,
ENSDARG00000061916,tmem51b,,,
ENSDARG00000061929,FAM168B,,,
ENSDARG00000061941,trpv4,,,
ENSDARG00000061946,commd4,,,
ENSDARG00000061948,amotl2b,,,
ENSDARG00000062019,rufy2,,,
ENSDARG00000062025,cpox,,,
ENSDARG00000062045,il1rapl1a,,,
ENSDARG00000062052,casp2,,,
ENSDARG00000062053,kbp,,,
ENSDARG00000062058,SLC12A7 (1 of 2),,,
ENSDARG00000062089,uggt2,,,
ENSDARG00000062096,pm20d1.2,,,
ENSDARG00000062109,shdb,,,
ENSDARG00000062138,ranbp10,,,
ENSDARG00000062139,eif2ak3,,,
ENSDARG00000062142,stoml1,,,
ENSDARG00000062148,SENP7 (2 of 2),,,
ENSDARG00000062164,atrn,,,
ENSDARG00000062168,tmem168b,,,
ENSDARG00000062187,kif14,,,
ENSDARG00000062195,FBXO31,,,
ENSDARG00000062198,pcm1,,,
ENSDARG00000062206,skiv2l,,,
ENSDARG00000062216,narfl,,,
ENSDARG00000062226,ino80db,,,
ENSDARG00000062237,nfs1,,,
ENSDARG00000062269,fan1,,,
ENSDARG00000062270,CCNYL1,,,
ENSDARG00000062272,afg3l2,,,
ENSDARG00000062302,znf652,,,
ENSDARG00000062307,CCDC61,,,
ENSDARG00000062363,phex,,,
ENSDARG00000062372,nrd1,,,
ENSDARG00000062374,LENG9,,,
ENSDARG00000062381,si:ch211-238n5.4,,,
ENSDARG00000062385,flcn,,,
ENSDARG00000062418,TTL,,,
ENSDARG00000062445,pias1b,,,
ENSDARG00000062460,sgk3,,,
ENSDARG00000062489,7-Mar,,,
ENSDARG00000062511,golga3,,,
ENSDARG00000062518,ulk1a,,,
ENSDARG00000062521,atp9b,,,
ENSDARG00000062532,fam21c,,,
ENSDARG00000062562,egln2,,,
ENSDARG00000062585,brat1,,,
ENSDARG00000062601,piwil2,,,
ENSDARG00000062612,dhx37,,,
ENSDARG00000062614,NARS2,,,
ENSDARG00000062695,ccdc126,,,
ENSDARG00000062745,socs5b,,,
ENSDARG00000062757,zgc:158403,,,
ENSDARG00000062770,snx21,,,
ENSDARG00000062794,trim36,,,
ENSDARG00000062834,ecsit,,,
ENSDARG00000062837,spata13,,,
ENSDARG00000062864,gk5,,,
ENSDARG00000062884,MAP3K2,,,
ENSDARG00000062898,cep128,,,
ENSDARG00000062954,clk2a,,,
ENSDARG00000062955,fam69a,,,
ENSDARG00000062965,fam45a,,,
ENSDARG00000062970,fam129ba,,,
ENSDARG00000062973,ttll7,,,
ENSDARG00000062977,samd13,,,
ENSDARG00000063003,alkbh5,,,
ENSDARG00000063021,RPAIN,,,
ENSDARG00000063069,gripap1,,,
ENSDARG00000063076,atrip,,,
ENSDARG00000063079,eif2c3b,,,
ENSDARG00000063167,chkb,,,
ENSDARG00000063177,manf,,,
ENSDARG00000063191,extl2,,,
ENSDARG00000063197,golga2,,,
ENSDARG00000063212,prmt2,,,
ENSDARG00000063213,mtif2,,,
ENSDARG00000063242,ttc13,,,
ENSDARG00000063249,mrpl9,,,
ENSDARG00000063250,spata2,,,
ENSDARG00000063270,fam134a,,,
ENSDARG00000063310,OXR1 (2 of 3),,,
ENSDARG00000063344,fam162a,,,
ENSDARG00000063345,creg1,,,
ENSDARG00000063375,pter,,,
ENSDARG00000063385,cenpe,,,
ENSDARG00000063390,pvrl2l,,,
ENSDARG00000063446,iba57,,,
ENSDARG00000063457,wash,,,
ENSDARG00000063553,rlf,,,
ENSDARG00000063573,vps41,,,
ENSDARG00000063574,gtpbp5,,,
ENSDARG00000063583,map2k4a,,,
ENSDARG00000063624,gfm1,,,
ENSDARG00000063636,galnt11,,,
ENSDARG00000063684,ppm1h,,,
ENSDARG00000063686,xrcc6bp1,,,
ENSDARG00000067608,zswim7,,,
ENSDARG00000067630,zgc:154075,,,
ENSDARG00000067656,kcmf1,,,
ENSDARG00000067669,zglp1,,,
ENSDARG00000067677,lsmd1,,,
ENSDARG00000067681,tmem141,,,
ENSDARG00000067718,si:dkey-3h3.3,,,
ENSDARG00000067752,pigl,,,
ENSDARG00000067908,FAM177A1 (2 of 2),,,
ENSDARG00000067918,elp5,,,
ENSDARG00000067944,actr8,,,
ENSDARG00000067950,ZCCHC2,,,
ENSDARG00000067958,sh3gl1a,,,
ENSDARG00000067975,atpif1a,,,
ENSDARG00000067979,gtf3c5,,,
ENSDARG00000067982,gpr107,,,
ENSDARG00000068021,si:ch211-224b1.4,,,
ENSDARG00000068096,atf5a,,,
ENSDARG00000068100,si:ch211-240g9.1,,,
ENSDARG00000068128,PPP1R15B,,,
ENSDARG00000068148,arrdc1a,,,
ENSDARG00000068152,si:dkey-77f17.1,,,
ENSDARG00000068182,crb3b,,,
ENSDARG00000068187,spg7,,,
ENSDARG00000068194,klf9,,,
ENSDARG00000068199,pld3,,,
ENSDARG00000068210,haus6,,,
ENSDARG00000068217,stx2b,,,
ENSDARG00000068232,cbln12,,,
ENSDARG00000068246,plcb3,,,
ENSDARG00000068255,nanos3,,,
ENSDARG00000068262,vamp5,,,
ENSDARG00000068286,slc7a4,,,
ENSDARG00000068305,mrps14,,,
ENSDARG00000068344,mmab,,,
ENSDARG00000068366,si:dkey-154p10.3,,,
ENSDARG00000068415,ptgesl,,,
ENSDARG00000068465,zgc:136254,,,
ENSDARG00000068575,tmem51a,,,
ENSDARG00000068602,DALRD3,,,
ENSDARG00000068636,ppp1r26,,,
ENSDARG00000068655,DNLZ,,,
ENSDARG00000068663,zgc:152951,,,
ENSDARG00000068709,fam174b,,,
ENSDARG00000068763,plcg2,,,
ENSDARG00000068779,mlycd,,,
ENSDARG00000068828,bloc1s3,,,
ENSDARG00000068833,dclre1b,,,
ENSDARG00000068840,zgc:66024,,,
ENSDARG00000068856,f2rl1.1,,,
ENSDARG00000068868,nap1l4b,,,
ENSDARG00000068870,fance,,,
ENSDARG00000068886,mrpl14,,,
ENSDARG00000068912,zgc:153012,,,
ENSDARG00000068916,PPP1R35,,,
ENSDARG00000068919,rad51c,,,
ENSDARG00000068920,znf644a,,,
ENSDARG00000068926,si:ch211-137a8.2,,,
ENSDARG00000068940,atp5ib,,,
ENSDARG00000068967,zgc:153372,,,
ENSDARG00000068982,C10H11orf63,,,
ENSDARG00000068983,btbd9,,,
ENSDARG00000069006,gro1,,,
ENSDARG00000069009,C8H1orf174,,,
ENSDARG00000069013,prdx4,,,
ENSDARG00000069037,AKIP1,,,
ENSDARG00000069045,chtf8,,,
ENSDARG00000069065,btg3,,,
ENSDARG00000069090,atp6v0d1,,,
ENSDARG00000069099,tmco1,,,
ENSDARG00000069102,zgc:112962,,,
ENSDARG00000069129,zgc:153126,,,
ENSDARG00000069139,grik1a,,,
ENSDARG00000069147,pex11b,,,
ENSDARG00000069150,rit1,,,
ENSDARG00000069157,tmem135,,,
ENSDARG00000069168,C18H15orf39,,,
ENSDARG00000069241,ttc32,,,
ENSDARG00000069242,pdia5,,,
ENSDARG00000069244,si:ch211-244b2.3,,,
ENSDARG00000069249,aftpha,,,
ENSDARG00000069278,trmt5,,,
ENSDARG00000069279,elovl7a,,,
ENSDARG00000069280,tsen15,,,
ENSDARG00000069286,ndufaf2,,,
ENSDARG00000069290,bida,,,
ENSDARG00000069295,bcl6ab,,,
ENSDARG00000069301,tmem177,,,
ENSDARG00000069302,snx9b,,,
ENSDARG00000069328,si:dkey-12e7.1,,,
ENSDARG00000069338,zgc:152863,,,
ENSDARG00000069378,pard6a,,,
ENSDARG00000069386,gtpbpl,,,
ENSDARG00000069409,zgc:172049,,,
ENSDARG00000069428,zgc:158856,,,
ENSDARG00000069453,zgc:113314,,,
ENSDARG00000069482,traf1,,,
ENSDARG00000069485,spryd7b,,,
ENSDARG00000069494,tmem223,,,
ENSDARG00000069515,bbs10,,,
ENSDARG00000069538,gtf3c4,,,
ENSDARG00000069545,atg12,,,
ENSDARG00000069624,mrps18c,,,
ENSDARG00000069649,tmem160,,,
ENSDARG00000069654,ppp6r2b,,,
ENSDARG00000069662,fgf11a,,,
ENSDARG00000069673,chid1,,,
ENSDARG00000069681,pcgf6,,,
ENSDARG00000069706,prmt6,,,
ENSDARG00000069729,mpg,,,
ENSDARG00000069742,cul5a,,,
ENSDARG00000069745,slc35f2,,,
ENSDARG00000069763,etv5a,,,
ENSDARG00000069780,pus7l,,,
ENSDARG00000069829,rragc,,,
ENSDARG00000069832,sfxn4,,,
ENSDARG00000069834,pnpla4,,,
ENSDARG00000069850,C9H2orf15,,,
ENSDARG00000069852,LIPT2,,,
ENSDARG00000069857,coq3,,,
ENSDARG00000069917,ska3,,,
ENSDARG00000069920,cox17,,,
ENSDARG00000069957,zgc:162936,,,
ENSDARG00000070012,sesn2,,,
ENSDARG00000070028,tmem41aa,,,
ENSDARG00000070029,ehhadh,,,
ENSDARG00000070040,zgc:162344,,,
ENSDARG00000070055,arfip1,,,
ENSDARG00000070061,gfer,,,
ENSDARG00000070085,mettl6,,,
ENSDARG00000070097,vimp,,,
ENSDARG00000070098,-,,,
ENSDARG00000070116,nit1,,,
ENSDARG00000070122,stk11ip,,,
ENSDARG00000070166,EVA1B (2 of 5),,,
ENSDARG00000070174,si:ch211-18i17.2,,,
ENSDARG00000070178,si:ch211-225p5.3,,,
ENSDARG00000070213,etnk2,,,
ENSDARG00000070217,minos1,,,
ENSDARG00000070231,POLH,,,
ENSDARG00000070312,zgc:158320,,,
ENSDARG00000070319,rab11fip4b,,,
ENSDARG00000070329,cbx8b,,,
ENSDARG00000070333,anapc11,,,
ENSDARG00000070358,smim12,,,
ENSDARG00000070371,KAT7 (1 of 2),,,
ENSDARG00000070386,KRTCAP2,,,
ENSDARG00000070390,flad1,,,
ENSDARG00000070393,COQ10A (1 of 2),,,
ENSDARG00000070404,fam212ab,,,
ENSDARG00000070412,mtmr7b,,,
ENSDARG00000070416,zgc:162816,,,
ENSDARG00000070426,chac1,,,
ENSDARG00000070430,chtopb,,,
ENSDARG00000070433,vps18,,,
ENSDARG00000070452,TMEM66,,,
ENSDARG00000070454,pla2g12a,,,
ENSDARG00000070456,TSPAN5 (2 of 3),,,
ENSDARG00000070458,zgc:153292,,,
ENSDARG00000070470,sh3rf1,,,
ENSDARG00000070477,dnajc2,,,
ENSDARG00000070543,grin2ab,,,
ENSDARG00000070604,zgc:162509,,,
ENSDARG00000070606,ikbke,,,
ENSDARG00000070611,zgc:152986,,,
ENSDARG00000070617,vhl,,,
ENSDARG00000070618,tatdn2,,,
ENSDARG00000070644,ttpal,,,
ENSDARG00000070654,pex5,,,
ENSDARG00000070682,sdf4,,,
ENSDARG00000070704,thap7,,,
ENSDARG00000070746,SFT2D2 (2 of 2),,,
ENSDARG00000070805,csk,,,
ENSDARG00000070824,ndufb5,,,
ENSDARG00000070830,zgc:136858,,,
ENSDARG00000070832,snrka,,,
ENSDARG00000070833,lin52,,,
ENSDARG00000070839,evi5b,,,
ENSDARG00000070870,ptpn23b,,,
ENSDARG00000070907,lcor,,,
ENSDARG00000070958,PEX6,,,
ENSDARG00000071013,arl6ip6,,,
ENSDARG00000071015,pbxip1a,,,
ENSDARG00000071021,papss2a,,,
ENSDARG00000071024,zgc:171679,,,
ENSDARG00000071031,snx1a,,,
ENSDARG00000071036,si:dkey-286j15.3,,,
ENSDARG00000071037,pex13,,,
ENSDARG00000071046,bbip1,,,
ENSDARG00000071062,hps5,,,
ENSDARG00000071082,p4ha1b,,,
ENSDARG00000071116,eepd1,,,
ENSDARG00000071152,PICK1,,,
ENSDARG00000071164,alkbh1,,,
ENSDARG00000071211,C11H1orf50,,,
ENSDARG00000071241,trim35-39,,,
ENSDARG00000071250,tmem79a,,,
ENSDARG00000071294,TONSL,,,
ENSDARG00000071336,mif,,,
ENSDARG00000071339,mef2bnb,,,
ENSDARG00000071347,aftphb,,,
ENSDARG00000071378,C22H19orf70,,,
ENSDARG00000071396,timm23,,,
ENSDARG00000071413,mier2,,,
ENSDARG00000071426,lrrc59,,,
ENSDARG00000071439,C22H1orf53,,,
ENSDARG00000071450,tdrd5,,,
ENSDARG00000071478,lnx2b,,,
ENSDARG00000071492,fbxo45,,,
ENSDARG00000071524,insrb,,,
ENSDARG00000071548,josd1,,,
ENSDARG00000071562,mtus1a,,,
ENSDARG00000071581,si:ch211-222k6.1,,,
ENSDARG00000071583,gtf3ab,,,
ENSDARG00000071594,TIMM21,,,
ENSDARG00000071648,zgc:113298,,,
ENSDARG00000071669,smyd5,,,
ENSDARG00000071671,nudt22,,,
ENSDARG00000071672,zgc:171566,,,
ENSDARG00000071673,ctdspla,,,
ENSDARG00000071674,lonp1,,,
ENSDARG00000071699,ids,,,
ENSDARG00000071725,zgc:174919,,,
ENSDARG00000071808,SPINK2 (1 of 4),,,
ENSDARG00000071862,si:dkeyp-53d3.3,,,
ENSDARG00000071868,znf711,,,
ENSDARG00000071872,zdhhc15b,,,
ENSDARG00000073665,rasa1b,,,
ENSDARG00000073705,rbfa,,,
ENSDARG00000073709,FAM149A,,,
ENSDARG00000073721,SMARCAD1 (2 of 2),,,
ENSDARG00000073743,slc25a37,,,
ENSDARG00000073771,TBC1D12,,,
ENSDARG00000073773,tti2,,,
ENSDARG00000073792,MAN1B1 (1 of 2),,,
ENSDARG00000073800,zgc:171673,,,
ENSDARG00000073805,ogdhb,,,
ENSDARG00000073837,SENP2,,,
ENSDARG00000073848,arhgef7b,,,
ENSDARG00000073866,tdp1,,,
ENSDARG00000073893,dnase2,,,
ENSDARG00000073899,tmem194a,,,
ENSDARG00000073918,rnf41l,,,
ENSDARG00000073961,CYSTM1,,,
ENSDARG00000074031,fastkd2,,,
ENSDARG00000074064,rem2,,,
ENSDARG00000074071,C14H5orf45,,,
ENSDARG00000074163,zgc:162879,,,
ENSDARG00000074219,zgc:171516,,,
ENSDARG00000074225,si:ch211-269e2.1,,,
ENSDARG00000074245,spen,,,
ENSDARG00000074248,tmem237b,,,
ENSDARG00000074275,limch1a,,,
ENSDARG00000074286,hint3,,,
ENSDARG00000074287,sptlc2b,,,
ENSDARG00000074293,adnpb,,,
ENSDARG00000074308,fam211ba,,,
ENSDARG00000074356,fxn,,,
ENSDARG00000074365,zgc:171901,,,
ENSDARG00000074379,knstrn,,,
ENSDARG00000074384,slc12a8,,,
ENSDARG00000074410,brip1,,,
ENSDARG00000074414,sema4ba,,,
ENSDARG00000074428,hhat,,,
ENSDARG00000074485,ankdd1a,,,
ENSDARG00000074502,zmiz1a,,,
ENSDARG00000074531,spag9a,,,
ENSDARG00000074533,slc25a38b,,,
ENSDARG00000074588,METTL18,,,
ENSDARG00000074603,tbl2,,,
ENSDARG00000074612,si:dkey-241l7.2,,,
ENSDARG00000074663,zgc:162183,,,
ENSDARG00000074680,rims1a,,,
ENSDARG00000074697,npdc1,,,
ENSDARG00000074715,stk17a,,,
ENSDARG00000074730,pkmyt1,,,
ENSDARG00000074734,MSL1 (2 of 2),,,
ENSDARG00000074737,RSF1 (3 of 3),,,
ENSDARG00000074742,elmod3,,,
ENSDARG00000074757,arv1,,,
ENSDARG00000074790,C23H20orf24,,,
ENSDARG00000074850,il12rb2l,,,
ENSDARG00000074889,mutyh,,,
ENSDARG00000074892,pde6d,,,
ENSDARG00000074895,tysnd1,,,
ENSDARG00000074909,dcaf17,,,
ENSDARG00000074915,etaa1,,,
ENSDARG00000074967,TMEM87A,,,
ENSDARG00000075000,ap4e1,,,
ENSDARG00000075007,chst2a,,,
ENSDARG00000075013,usp45,,,
ENSDARG00000075025,cdc123,,,
ENSDARG00000075033,GTPBP8,,,
ENSDARG00000075121,hbegfa,,,
ENSDARG00000075123,TRAFD1,,,
ENSDARG00000075143,nanp,,,
ENSDARG00000075158,igdcc3,,,
ENSDARG00000075172,fbxo25,,,
ENSDARG00000075180,tmem14c,,,
ENSDARG00000075225,si:ch211-223a10.1,,,
ENSDARG00000075314,zgc:174906,,,
ENSDARG00000075325,mrpl16,,,
ENSDARG00000075333,tbc1d25,,,
ENSDARG00000075347,chfr,,,
ENSDARG00000075349,si:ch73-138n13.1,,,
ENSDARG00000075362,dfnb31a,,,
ENSDARG00000075405,adck5,,,
ENSDARG00000075416,HSCB,,,
ENSDARG00000075461,suv420h2,,,
ENSDARG00000075525,cln8,,,
ENSDARG00000075567,fbxl20,,,
ENSDARG00000075575,zgc:193711,,,
ENSDARG00000075618,slc36a1,,,
ENSDARG00000075619,cenpo,,,
ENSDARG00000075672,pms2,,,
ENSDARG00000075677,mrpl17,,,
ENSDARG00000075682,orc6,,,
ENSDARG00000075732,taf4b,,,
ENSDARG00000075765,C20H8orf82,,,
ENSDARG00000075766,sccpdha,,,
ENSDARG00000075793,prex1,,,
ENSDARG00000075799,spryd3,,,
ENSDARG00000075834,si:dkey-182i3.8,,,
ENSDARG00000075837,si:dkey-1d7.3,,,
ENSDARG00000075859,mcf2l,,,
ENSDARG00000075887,herc3,,,
ENSDARG00000075898,spata7,,,
ENSDARG00000075907,si:ch73-389b16.2,,,
ENSDARG00000075931,acsl5,,,
ENSDARG00000075933,cox15,,,
ENSDARG00000075972,csrnp2,,,
ENSDARG00000076003,TCIRG1 (1 of 3),,,
ENSDARG00000076066,5-Mar,,,
ENSDARG00000076092,slc31a2,,,
ENSDARG00000076120,foxp4,,,
ENSDARG00000076144,si:ch211-74m13.3,,,
ENSDARG00000076153,lca5,,,
ENSDARG00000076174,trim2b,,,
ENSDARG00000076176,ptcd1,,,
ENSDARG00000076210,si:ch211-11n16.2,,,
ENSDARG00000076214,zgc:165514,,,
ENSDARG00000076223,SERP1,,,
ENSDARG00000076228,kif2c,,,
ENSDARG00000076308,pdp1,,,
ENSDARG00000076328,osbpl11,,,
ENSDARG00000076330,dusp12,,,
ENSDARG00000076334,mrpl43,,,
ENSDARG00000076338,INPP5K (1 of 2),,,
ENSDARG00000076391,npm2a,,,
ENSDARG00000076437,zgc:163143,,,
ENSDARG00000076442,zgc:174310,,,
ENSDARG00000076473,trim37,,,
ENSDARG00000076474,org,,,
ENSDARG00000076552,zgc:193801,,,
ENSDARG00000076553,trim32,,,
ENSDARG00000076585,si:ch211-113e8.11,,,
ENSDARG00000076618,tm2d3,,,
ENSDARG00000076634,capn10,,,
ENSDARG00000076703,zfand4,,,
ENSDARG00000076716,palb2,,,
ENSDARG00000076742,cyth1a,,,
ENSDARG00000076754,slc9a7,,,
ENSDARG00000076755,ap5s1,,,
ENSDARG00000076783,zgc:173480,,,
ENSDARG00000076829,bx248082.1,,,
ENSDARG00000076913,eme1,,,
ENSDARG00000076923,KAZN (3 of 3),,,
ENSDARG00000076931,capn7,,,
ENSDARG00000076938,txndc11,,,
ENSDARG00000076939,znf451,,,
ENSDARG00000076980,PPP1R16A,,,
ENSDARG00000077070,ssna1,,,
ENSDARG00000077075,fastk,,,
ENSDARG00000077119,CARKD,,,
ENSDARG00000077155,TMEM116,,,
ENSDARG00000077178,zgc:152977,,,
ENSDARG00000077202,mocs2,,,
ENSDARG00000077248,zgc:171459,,,
ENSDARG00000077288,si:ch211-188c16.1,,,
ENSDARG00000077297,nbr1,,,
ENSDARG00000077323,thap4,,,
ENSDARG00000077357,LRRC61,,,
ENSDARG00000077442,tubgcp5,,,
ENSDARG00000077462,FAM131A,,,
ENSDARG00000077471,C11H3orf37,,,
ENSDARG00000077492,atp8a2,,,
ENSDARG00000077513,ppp1r3da,,,
ENSDARG00000077515,letm2,,,
ENSDARG00000077532,pign,,,
ENSDARG00000077584,cln6a,,,
ENSDARG00000077664,zgc:110239,,,
ENSDARG00000077698,rsad1,,,
ENSDARG00000077728,supv3l1,,,
ENSDARG00000077765,cx44.2,,,
ENSDARG00000077768,malt1b,,,
ENSDARG00000077788,arhgef10,,,
ENSDARG00000077792,CDC42EP1 (2 of 2),,,
ENSDARG00000077847,olfm2a,,,
ENSDARG00000077863,METTL22,,,
ENSDARG00000077897,znf296,,,
ENSDARG00000077962,gltpb,,,
ENSDARG00000077983,GPR89B,,,
ENSDARG00000078044,PPP2R2D,,,
ENSDARG00000078055,acd,,,
ENSDARG00000078094,lmf2a,,,
ENSDARG00000078109,usp12a,,,
ENSDARG00000078113,atp5ia,,,
ENSDARG00000078139,appl2,,,
ENSDARG00000078212,zgc:165515,,,
ENSDARG00000078267,si:dkey-181m9.8,,,
ENSDARG00000078284,phkb,,,
ENSDARG00000078315,C5H12orf49,,,
ENSDARG00000078326,arhgap10,,,
ENSDARG00000078328,sec22a,,,
ENSDARG00000078333,tmem234,,,
ENSDARG00000078352,lyrm4,,,
ENSDARG00000078373,lipeb,,,
ENSDARG00000078389,si:dkey-188i13.7,,,
ENSDARG00000078425,oat,,,
ENSDARG00000078435,anapc13,,,
ENSDARG00000078468,fap,,,
ENSDARG00000078492,swi5,,,
ENSDARG00000078502,si:ch211-150o23.3,,,
ENSDARG00000078546,cars2,,,
ENSDARG00000078562,zgc:171727,,,
ENSDARG00000078567,lonrf1l,,,
ENSDARG00000078571,WDR6,,,
ENSDARG00000078725,nos1apa,,,
ENSDARG00000078745,pnpla8,,,
ENSDARG00000078773,tmem70,,,
ENSDARG00000078778,LRCH1,,,
ENSDARG00000078807,C5H9orf142,,,
ENSDARG00000078815,grk5l,,,
ENSDARG00000078822,-,,,
ENSDARG00000078850,plekhm2,,,
ENSDARG00000078894,hemk1,,,
ENSDARG00000078917,zgc:195245,,,
ENSDARG00000078929,abhd16a,,,
ENSDARG00000078935,ttll4,,,
ENSDARG00000078973,uckl1b,,,
ENSDARG00000079015,brca2,,,
ENSDARG00000079020,gcfc2,,,
ENSDARG00000079027,chsy1,,,
ENSDARG00000079067,mms19,,,
ENSDARG00000079097,tanc2,,,
ENSDARG00000079131,si:dkeyp-118b1.2,,,
ENSDARG00000079241,wdr90,,,
ENSDARG00000079244,PIGW,,,
ENSDARG00000079252,FAM117A (2 of 2),,,
ENSDARG00000079257,gemin5,,,
ENSDARG00000079263,si:dkeyp-2e4.2,,,
ENSDARG00000079281,TESK1 (1 of 2),,,
ENSDARG00000079329,rfwd2,,,
ENSDARG00000079343,si:ch211-241b2.4,,,
ENSDARG00000079402,tapbp,,,
ENSDARG00000079420,dpp4,,,
ENSDARG00000079452,rbm46,,,
ENSDARG00000079504,mfn2,,,
ENSDARG00000079508,FAM114A2,,,
ENSDARG00000079516,cisd1,,,
ENSDARG00000079528,hivep1,,,
ENSDARG00000079571,zgc:162161,,,
ENSDARG00000079578,rbpms2b,,,
ENSDARG00000079625,atr,,,
ENSDARG00000079680,COX18,,,
ENSDARG00000079705,si:ch211-152p11.4,,,
ENSDARG00000079796,C17H2orf43,,,
ENSDARG00000079815,LYRM7,,,
ENSDARG00000079816,rhbdd3,,,
ENSDARG00000079823,MRPS36,,,
ENSDARG00000079869,si:ch211-218o21.4,,,
ENSDARG00000079886,fam105bb,,,
ENSDARG00000079900,shroom4,,,
ENSDARG00000079934,zgc:162200,,,
ENSDARG00000079990,slc25a19,,,
ENSDARG00000080019,UBA6,,,
ENSDARG00000080020,il13ra1,,,
ENSDARG00000086112,CKAP2,,,
ENSDARG00000086183,vkorc1,,,
ENSDARG00000086184,FBXO48,,,
ENSDARG00000086221,si:ch211-226h8.4,,,
ENSDARG00000086230,tmem176l.1,,,
ENSDARG00000086317,si:ch211-67e16.4,,,
ENSDARG00000086342,zgc:101566,,,
ENSDARG00000086457,tnfaip8,,,
ENSDARG00000086471,pkig,,,
ENSDARG00000086523,erlin2,,,
ENSDARG00000086529,si:dkey-90l23.2,,,
ENSDARG00000086550,DBF4B,,,
ENSDARG00000087046,si:ch211-222k6.2,,,
ENSDARG00000087048,si:dkey-165n16.1,,,
ENSDARG00000087180,ubxn2a,,,
ENSDARG00000087187,grip2a,,,
ENSDARG00000087226,KBTBD2,,,
ENSDARG00000087229,exoc7,,,
ENSDARG00000087262,zgc:63568,,,
ENSDARG00000087363,si:dkeyp-46h3.6,,,
ENSDARG00000087369,si:ch211-198c19.2,,,
ENSDARG00000087393,prr11,,,
ENSDARG00000087402,TPM1,,,
ENSDARG00000087538,kif3a,,,
ENSDARG00000087554,cdk1,,,
ENSDARG00000087607,SHF,,,
ENSDARG00000087674,si:ch1073-127d16.1,,,
ENSDARG00000087869,si:ch211-11k18.4,,,
ENSDARG00000087996,pabpn1l,,,
ENSDARG00000088040,MDP1,,,
ENSDARG00000088073,fam110b,,,
ENSDARG00000088146,r3hcc1,,,
ENSDARG00000088260,si:dkey-71l1.7,,,
ENSDARG00000088357,acadl,,,
ENSDARG00000088439,gm2a,,,
ENSDARG00000088505,fam217b,,,
ENSDARG00000088560,tmem104,,,
ENSDARG00000088588,C19H1orf172 (2 of 2),,,
ENSDARG00000088663,lman2lb,,,
ENSDARG00000088807,klhl22,,,
ENSDARG00000088923,si:ch211-12h2.8,,,
ENSDARG00000088959,pdxka,,,
ENSDARG00000088989,si:dkey-241l7.5,,,
ENSDARG00000089055,ube2ka,,,
ENSDARG00000089062,CCNB1 (2 of 2),,,
ENSDARG00000089194,TACO1 (2 of 2),,,
ENSDARG00000089225,trove2,,,
ENSDARG00000089291,stra13,,,
ENSDARG00000089352,zp3.2,,,
ENSDARG00000089428,rab12,,,
ENSDARG00000089461,ciz1b,,,
ENSDARG00000089464,myt1b,,,
ENSDARG00000089478,si:dkey-241l7.4,,,
ENSDARG00000089567,PATL2,,,
ENSDARG00000089693,zgc:162962,,,
ENSDARG00000089765,si:ch211-286b5.4,,,
ENSDARG00000089802,akap1a,,,
ENSDARG00000089828,C12H10orf88,,,
ENSDARG00000089836,MRPS12 (1 of 2),,,
ENSDARG00000089858,COBLL1 (2 of 2),,,
ENSDARG00000089930,iqce,,,
ENSDARG00000089981,rnf146,,,
ENSDARG00000090183,gapvd1,,,
ENSDARG00000090194,lamtor5,,,
ENSDARG00000090202,RBM11,,,
ENSDARG00000090527,si:dkey-102m7.1,,,
ENSDARG00000090634,si:dkey-226k3.4,,,
ENSDARG00000090667,rab6a,,,
ENSDARG00000090768,zgc:173556,,,
ENSDARG00000090785,diaph3,,,
ENSDARG00000090929,si:dkeyp-98a7.3,,,
ENSDARG00000090963,ATP6AP1L (1 of 2),,,
ENSDARG00000091131,cry2b,,,
ENSDARG00000091198,urm1,,,
ENSDARG00000091215,rpz2,,,
ENSDARG00000091271,CENPT,,,
ENSDARG00000091342,adcy5,,,
ENSDARG00000091418,snx17,,,
ENSDARG00000091558,si:ch211-251f6.7,,,
ENSDARG00000091678,ints12,,,
ENSDARG00000091771,lysmd2,,,
ENSDARG00000091872,CCDC117,,,
ENSDARG00000091879,si:dkey-29d8.3,,,
ENSDARG00000091900,CAMKMT (1 of 2),,,
ENSDARG00000091947,si:dkey-12h9.16,,,
ENSDARG00000091950,si:dkeyp-4c7.3,,,
ENSDARG00000091962,RUNDC1,,,
ENSDARG00000091972,si:dkey-58f10.7,,,
ENSDARG00000092057,-,,,
ENSDARG00000092074,hcst,,,
ENSDARG00000092090,si:ch211-125e6.12,,,
ENSDARG00000092112,tomm40,,,
ENSDARG00000092123,si:dkey-20d21.12,,,
ENSDARG00000092134,rad54b,,,
ENSDARG00000092158,cbx3b,,,
ENSDARG00000092169,si:dkey-250k15.4,,,
ENSDARG00000092219,SI:CH211-250E5.16,,,
ENSDARG00000092290,GSG2,,,
ENSDARG00000092310,si:ch211-199g17.2,,,
ENSDARG00000092327,si:dkeyp-2e4.3,,,
ENSDARG00000092360,C8H22orf39,,,
ENSDARG00000092445,C5H5orf34,,,
ENSDARG00000092473,apopt1,,,
ENSDARG00000092478,sdhaf1,,,
ENSDARG00000092483,iqcc,,,
ENSDARG00000092498,si:dkeyp-46h3.2,,,
ENSDARG00000092556,si:ch211-214j8.12,,,
ENSDARG00000092610,lamp1,,,
ENSDARG00000092651,SGOL1,,,
ENSDARG00000092702,si:dkeyp-20e4.8,,,
ENSDARG00000092705,si:ch211-199g17.8,,,
ENSDARG00000092718,gbgt1l2,,,
ENSDARG00000092766,si:dkeyp-68b7.6,,,
ENSDARG00000092787,C10H9orf123,,,
ENSDARG00000092816,si:dkey-93n13.2,,,
ENSDARG00000092885,zgc:171977,,,
ENSDARG00000092887,si:dkeyp-46h3.3,,,
ENSDARG00000092895,si:dkey-188i13.11,,,
ENSDARG00000092924,si:ch211-146l10.5,,,
ENSDARG00000093021,FAM163A (2 of 2),,,
ENSDARG00000093126,si:ch73-112l6.1,,,
ENSDARG00000093176,zgc:77118,,,
ENSDARG00000093182,eif2ak1,,,
ENSDARG00000093192,si:ch211-198m1.1,,,
ENSDARG00000093382,si:dkey-88p24.9,,,
ENSDARG00000093403,TTF1 (2 of 6),,,
ENSDARG00000093405,casp6,,,
ENSDARG00000093412,sertad2a,,,
ENSDARG00000093512,si:dkey-238j22.1,,,
ENSDARG00000093597,oip5,,,
ENSDARG00000093658,tm7sf3,,,
ENSDARG00000093704,-,,,
ENSDARG00000093722,zgc:174268,,,
ENSDARG00000093773,si:ch1073-296i8.2,,,
ENSDARG00000093774,rbp2b,,,
ENSDARG00000093833,si:ch73-382f3.1,,,
ENSDARG00000093886,si:dkey-167i21.2,,,
ENSDARG00000093985,si:dkeyp-72a4.1,,,
ENSDARG00000094161,si:ch73-265d7.2,,,
ENSDARG00000094258,commd9,,,
ENSDARG00000094316,si:rp71-80o10.4,,,
ENSDARG00000094336,si:dkeyp-82a1.6,,,
ENSDARG00000094370,si:ch211-125e6.13,,,
ENSDARG00000094417,si:dkey-13n15.2,,,
ENSDARG00000094504,PLEKHA1 (2 of 2),,,
ENSDARG00000094602,si:dkey-7n6.2,,,
ENSDARG00000094616,EVA1A,,,
ENSDARG00000094850,si:dkey-88l16.5,,,
ENSDARG00000094899,si:ch1073-143l10.2,,,
ENSDARG00000094922,ungb,,,
ENSDARG00000094977,si:ch211-156j22.4,,,
ENSDARG00000095034,C24H8orf34,,,
ENSDARG00000095157,TMEM14A,,,
ENSDARG00000095174,si:ch73-243b8.4,,,
ENSDARG00000095281,zgc:152652,,,
ENSDARG00000095287,PPFIBP1 (1 of 3),,,
ENSDARG00000095322,FKBPL,,,
ENSDARG00000095496,mical3a,,,
ENSDARG00000095504,si:ch211-167j6.3,,,
ENSDARG00000095577,cybrd1,,,
ENSDARG00000095705,CDPF1,,,
ENSDARG00000095890,znf236,,,
ENSDARG00000095897,atp5e,,,
ENSDARG00000096077,si:dkey-93h22.6,,,
ENSDARG00000096095,buc,,,
ENSDARG00000096118,ost4,,,
ENSDARG00000096229,C3H17orf53,,,
ENSDARG00000096249,ap1m1,,,
ENSDARG00000096253,rogdi,,,
ENSDARG00000096302,GNG12 (2 of 2),,,
ENSDARG00000096361,si:dkey-10p5.10,,,
ENSDARG00000096382,neu3.1,,,
ENSDARG00000096454,ap1m2,,,
ENSDARG00000096589,si:ch211-112b1.3,,,
ENSDARG00000096597,ATP5SL,,,
ENSDARG00000096601,FAM13C,,,
ENSDARG00000096603,bmb,,,
ENSDARG00000096628,si:ch73-119o17.1,,,